,5y_ret,5y_ret_ward,Price,Year,Type,Ward
80,0.2427107129042998,0.47857142857142865,1035000.0,2015,D,Claygate
96,0.029131652661064544,0.3529411764705883,1035000.0,2016,D,Claygate
112,0.014149713093374983,0.352112676056338,1200000.0,2017,D,Claygate
128,-0.21455277538107564,0.05737704918032782,967500.0,2018,D,Claygate
144,-0.25416943364007216,-0.15180722891566267,880000.0,2019,D,Claygate
160,-0.10276763653796506,0.04227053140096615,1078750.0,2020,D,Claygate
176,-0.04973412574288405,0.08695652173913038,1125000.0,2021,D,Claygate
272,-0.01754385964912286,0.27192982456140347,362500.0,2015,F,Claygate
288,-0.4513513513513512,0.013513513513513598,375000.0,2016,F,Claygate
304,-0.47064894497150755,-0.0011752607609812893,339950.0,2017,F,Claygate
320,-0.10702614379084974,0.26797385620915026,485000.0,2018,F,Claygate
336,0.16788623205576636,0.41212586339217183,460000.0,2019,F,Claygate
352,-0.012385643912737443,0.08965517241379306,395000.0,2020,F,Claygate
368,-0.0756900369003689,-0.07199999999999995,348000.0,2021,F,Claygate
464,0.10970064418340275,0.48901098901098905,677500.0,2015,S,Claygate
480,-0.1324194084413428,0.34215686274509793,684500.0,2016,S,Claygate
496,0.1834254670224933,0.6424418604651163,706250.0,2017,S,Claygate
512,-0.20489188231123712,0.17972350230414746,640000.0,2018,S,Claygate
528,0.09488258317025422,0.29214285714285704,723600.0,2019,S,Claygate
544,-0.1291697416974169,0.02583025830258312,695000.0,2020,S,Claygate
560,-0.05577525335214073,0.059167275383491535,725000.0,2021,S,Claygate
656,-0.09065301140529236,0.22961104140526967,490000.0,2015,T,Claygate
672,-0.2572138900353911,0.21308016877637126,460000.0,2016,T,Claygate
688,-0.06363636363636371,0.4363636363636363,474000.0,2017,T,Claygate
704,0.05991582491582492,0.4545454545454546,560000.0,2018,T,Claygate
720,-0.16148208469055358,0.06000000000000005,530000.0,2019,T,Claygate
736,0.13450834879406304,0.3163265306122449,645000.0,2020,T,Claygate
752,0.18330375628512274,0.2717391304347827,585000.0,2021,T,Claygate
81,0.4337045017241754,0.6695652173913043,1344000.0,2015,D,Cobham and Downside
97,-0.14411027568922297,0.1796992481203008,1176750.0,2016,D,Cobham and Downside
113,0.12870370370370354,0.46666666666666656,1320000.0,2017,D,Cobham and Downside
129,-0.09753466327108096,0.1743951612903225,1165000.0,2018,D,Cobham and Downside
145,-0.22785240080284086,-0.12549019607843137,1115000.0,2019,D,Cobham and Downside
161,-0.3079845965103598,-0.1629464285714286,1125000.0,2020,D,Cobham and Downside
177,-0.13392880341997926,0.002761844062035168,1180000.0,2021,D,Cobham and Downside
273,-0.012687969924812137,0.2767857142857142,357500.0,2015,F,Cobham and Downside
289,-0.2861414606095456,0.17872340425531918,277000.0,2016,F,Cobham and Downside
305,-0.43706261701685034,0.032411067193675924,326500.0,2017,F,Cobham and Downside
321,-0.02178899082568808,0.3532110091743119,295000.0,2018,F,Cobham and Downside
337,0.6945358788676761,0.9387755102040816,475000.0,2019,F,Cobham and Downside
353,0.05879834451263033,0.16083916083916083,415000.0,2020,F,Cobham and Downside
369,0.14251934938121957,0.14620938628158853,317500.0,2021,F,Cobham and Downside
465,0.039356321839080444,0.41866666666666674,532000.0,2015,S,Cobham and Downside
481,-0.02471177254145429,0.44986449864498645,535000.0,2016,S,Cobham and Downside
497,-0.10123861566484527,0.35777777777777775,611000.0,2017,S,Cobham and Downside
513,-0.26419653644784535,0.12041884816753923,535000.0,2018,S,Cobham and Downside
529,-0.07443199114432009,0.12282828282828273,555800.0,2019,S,Cobham and Downside
545,-0.11176691729323318,0.043233082706766846,555000.0,2020,S,Cobham and Downside
561,0.07197335911483504,0.1869158878504673,635000.0,2021,S,Cobham and Downside
657,0.1494329168864077,0.4696969696969697,485000.0,2015,T,Cobham and Downside
673,-0.05779405881176225,0.4125000000000001,452000.0,2016,T,Cobham and Downside
689,0.37384615384615394,0.8738461538461539,609000.0,2017,T,Cobham and Downside
705,-0.20944444444444454,0.18518518518518512,480000.0,2018,T,Cobham and Downside
721,-0.08812821958430161,0.13335386510625202,460000.0,2019,T,Cobham and Downside
737,-0.27460168697282106,-0.09278350515463918,440000.0,2020,T,Cobham and Downside
753,-0.03755041839744755,0.05088495575221241,475000.0,2021,T,Cobham and Downside
82,-0.05230431031340044,0.1835564053537284,1547500.0,2015,D,Esher
98,-0.07999254112197218,0.2438169826875516,1508750.0,2016,D,Esher
114,-0.12101696668735773,0.2169459962756053,1633750.0,2017,D,Esher
130,-0.06239585088655475,0.20953397367484872,1700000.0,2018,D,Esher
146,-0.03418038654259137,0.06818181818181812,1645000.0,2019,D,Esher
162,-0.1208055346594481,0.024232633279483107,1585000.0,2020,D,Esher
178,-0.0530121056427435,0.08367854183927093,1635000.0,2021,D,Esher
274,-0.16262183235867456,0.12685185185185177,304250.0,2015,F,Esher
290,-0.07996486486486476,0.3849,346225.0,2016,F,Esher
306,-0.22947368421052627,0.24,310000.0,2017,F,Esher
322,-0.4978070175438597,-0.1228070175438597,375000.0,2018,F,Esher
338,-0.43970705343272276,-0.1954674220963173,284000.0,2019,F,Esher
354,0.3852229470259756,0.4872637633525061,452500.0,2020,F,Esher
370,-0.027446264786858965,-0.02375622788649001,338000.0,2021,F,Esher
466,-0.022167487684729092,0.3571428571428572,418000.0,2015,S,Esher
482,0.1157851745966918,0.5903614457831325,660000.0,2016,S,Esher
498,0.14422247295413815,0.6032388663967612,495000.0,2017,S,Esher
514,-0.01382886776145198,0.3707865168539326,488000.0,2018,S,Esher
530,-0.10056944864533723,0.09669082532726558,488000.0,2019,S,Esher
546,0.04535885167464104,0.20035885167464107,501750.0,2020,S,Esher
562,-0.2759273772204808,-0.1609848484848485,553750.0,2021,S,Esher
658,0.06435133180482255,0.3846153846153846,450000.0,2015,T,Esher
674,-0.3340621747537913,0.13623188405797104,490000.0,2016,T,Esher
690,0.2054263565891472,0.7054263565891472,550000.0,2017,T,Esher
706,-0.4510398860398861,-0.05641025641025643,460000.0,2018,T,Esher
722,-0.08774714493151747,0.13373493975903616,470500.0,2019,T,Esher
738,-0.16515151515151527,0.016666666666666607,457500.0,2020,T,Esher
754,0.034013605442176686,0.12244897959183665,550000.0,2021,T,Esher
83,-0.13151288958017227,0.10434782608695659,635000.0,2015,D,Hersham Village
99,0.039826839826839766,0.36363636363636354,675000.0,2016,D,Hersham Village
115,0.19995838535164379,0.5379213483146068,821250.0,2017,D,Hersham Village
131,0.06140350877192979,0.33333333333333326,720000.0,2018,D,Hersham Village
147,-0.024762204724409598,0.07759999999999989,673500.0,2019,D,Hersham Village
163,-0.0505499789625532,0.09448818897637801,695000.0,2020,D,Hersham Village
179,0.1373834265920597,0.27407407407407414,860000.0,2021,D,Hersham Village
275,-0.10028449502133707,0.18918918918918926,220000.0,2015,F,Hersham Village
291,0.4386721126270967,0.9035369774919615,296000.0,2016,F,Hersham Village
307,-0.11447368421052628,0.355,271000.0,2017,F,Hersham Village
323,0.11316784581605277,0.48816784581605277,305000.0,2018,F,Hersham Village
339,0.1779825908858168,0.4222222222222223,320000.0,2019,F,Hersham Village
355,0.4752319109461969,0.5772727272727274,347000.0,2020,F,Hersham Village
371,-0.10841976663009867,-0.10472972972972971,265000.0,2021,F,Hersham Village
467,-0.015570667579309916,0.3637396772482764,450000.0,2015,S,Hersham Village
483,0.07747420199967903,0.5520504731861198,492000.0,2016,S,Hersham Village
499,0.07613985655737698,0.53515625,491250.0,2017,S,Hersham Village
515,0.10503978779840861,0.4896551724137932,540000.0,2018,S,Hersham Village
531,0.20526427020692029,0.4025245441795231,575000.0,2019,S,Hersham Village
547,0.12277777777777765,0.2777777777777777,575000.0,2020,S,Hersham Village
563,0.04867535744322948,0.16361788617886175,572500.0,2021,S,Hersham Village
659,-0.03696293506957549,0.28330111774098654,381750.0,2015,T,Hersham Village
675,0.10113451261680906,0.5714285714285714,440000.0,2016,T,Hersham Village
691,-0.13174603174603172,0.3682539682539683,431000.0,2017,T,Hersham Village
707,-0.2821296296296296,0.11250000000000004,445000.0,2018,T,Hersham Village
723,0.07516221061145978,0.2966442953020134,483000.0,2019,T,Hersham Village
739,0.09519557063761375,0.2770137524557956,487500.0,2020,T,Hersham Village
755,0.0479282622139765,0.13636363636363646,500000.0,2021,T,Hersham Village
84,0.29112341131699804,0.5269841269841269,962000.0,2015,D,Hinchley Wood and Weston Green
100,0.064692218350755,0.3885017421602788,996250.0,2016,D,Hinchley Wood and Weston Green
116,0.00498575498575482,0.34294871794871784,1047500.0,2017,D,Hinchley Wood and Weston Green
132,-0.08205640683988458,0.1898734177215189,940000.0,2018,D,Hinchley Wood and Weston Green
148,0.12429680130833964,0.22665900603274913,1067500.0,2019,D,Hinchley Wood and Weston Green
164,-0.014580787481550672,0.13045738045738053,1087500.0,2020,D,Hinchley Wood and Weston Green
180,0.0025816235342968064,0.13927227101631123,1135000.0,2021,D,Hinchley Wood and Weston Green
276,0.1159081656641876,0.40538184987471393,322500.0,2015,F,Hinchley Wood and Weston Green
292,0.7727132858426049,1.2375781507074697,340000.0,2016,F,Hinchley Wood and Weston Green
308,-0.2041675617615466,0.26530612244897966,310000.0,2017,F,Hinchley Wood and Weston Green
324,-0.11499999999999999,0.26,315000.0,2018,F,Hinchley Wood and Weston Green
340,0.05495715581218885,0.2991967871485943,323500.0,2019,F,Hinchley Wood and Weston Green
356,0.014238253440911341,0.11627906976744184,360000.0,2020,F,Hinchley Wood and Weston Green
372,-0.05957238984154545,-0.055882352941176494,321000.0,2021,F,Hinchley Wood and Weston Green
468,0.1776149989838085,0.5569253438113948,792475.0,2015,S,Hinchley Wood and Weston Green
484,0.11349252916191555,0.5880688003483563,911750.0,2016,S,Hinchley Wood and Weston Green
500,0.22863428965408206,0.6876506830967051,945000.0,2017,S,Hinchley Wood and Weston Green
516,-0.07752877044215634,0.30708661417322825,830000.0,2018,S,Hinchley Wood and Weston Green
532,-0.04277751535191321,0.1544827586206896,837000.0,2019,S,Hinchley Wood and Weston Green
548,-0.09502965393230078,0.05997034606769924,840000.0,2020,S,Hinchley Wood and Weston Green
564,-0.12782983336957798,-0.012887304633945718,900000.0,2021,S,Hinchley Wood and Weston Green
660,0.11132798699043289,0.4315920398009949,575500.0,2015,T,Hinchley Wood and Weston Green
676,0.1028766728955548,0.5731707317073171,645000.0,2016,T,Hinchley Wood and Weston Green
692,-0.16352941176470592,0.3364705882352941,568000.0,2017,T,Hinchley Wood and Weston Green
708,-0.18161187815033975,0.21301775147928992,512500.0,2018,T,Hinchley Wood and Weston Green
724,-0.030944272174377785,0.19053781251617585,575000.0,2019,T,Hinchley Wood and Weston Green
740,-0.1566226996287814,0.025195482189400487,590000.0,2020,T,Hinchley Wood and Weston Green
756,-0.10393925011865224,-0.015503875968992276,635000.0,2021,T,Hinchley Wood and Weston Green
85,0.20029313048671726,0.4361538461538461,933500.0,2015,D,Long Ditton
101,0.32669854373269014,0.6505080675422139,1099651.0,2016,D,Long Ditton
117,0.035276473656755236,0.37323943661971826,975000.0,2017,D,Long Ditton
133,-0.024985380116959055,0.2469444444444444,1122250.0,2018,D,Long Ditton
149,0.08513779527559051,0.1875,1045000.0,2019,D,Long Ditton
165,-0.07647898207926329,0.06855918585966791,997500.0,2020,D,Long Ditton
181,-0.19775638561165743,-0.061065738129643,1032500.0,2021,D,Long Ditton
277,0.06683894103997456,0.3563126252505009,338400.0,2015,F,Long Ditton
293,-0.3062934362934362,0.15857142857142859,405500.0,2016,F,Long Ditton
309,-0.1425506072874494,0.32692307692307687,345000.0,2017,F,Long Ditton
325,-0.09386120996441272,0.2811387900355873,360000.0,2018,F,Long Ditton
341,-0.2112725983693724,0.03296703296703307,352500.0,2019,F,Long Ditton
357,-0.14902663192936738,-0.04698581560283688,322500.0,2020,F,Long Ditton
373,-0.035749223090257964,-0.03205918618988901,392500.0,2021,F,Long Ditton
469,-0.06461055186692377,0.3146997929606625,635000.0,2015,S,Long Ditton
485,0.13256658595641646,0.6071428571428572,675000.0,2016,S,Long Ditton
501,-0.05886583961963132,0.4001505538229917,651000.0,2017,S,Long Ditton
517,0.35246326707000875,0.7370786516853933,773000.0,2018,S,Long Ditton
533,0.124729800676048,0.3219900746486508,792500.0,2019,S,Long Ditton
549,0.002480314960629837,0.15748031496062986,735000.0,2020,S,Long Ditton
565,-0.00012771392081734056,0.11481481481481493,752500.0,2021,S,Long Ditton
661,-0.07555450924209728,0.24470954356846475,599950.0,2015,T,Long Ditton
677,-0.29656086336191745,0.1737331954498449,567500.0,2016,T,Long Ditton
693,-0.31361730769230767,0.18638269230769233,616919.0,2017,T,Long Ditton
709,-0.16386039886039883,0.23076923076923084,580000.0,2018,T,Long Ditton
725,-0.028142584228018963,0.19333950046253467,645000.0,2019,T,Long Ditton
741,-0.08172650751198973,0.10009167430619215,660000.0,2020,T,Long Ditton
757,0.0833707932512211,0.17180616740088106,665000.0,2021,T,Long Ditton
86,0.10202912808287112,0.33788984375,856249.5,2015,D,Molesey East
102,0.2317460317460318,0.5555555555555556,1050000.0,2016,D,Molesey East
118,-0.1405107336636,0.197452229299363,940000.0,2017,D,Molesey East
134,-0.06762874929258622,0.20430107526881724,1120000.0,2018,D,Molesey East
150,-0.23404159403738656,-0.13167938931297707,1137500.0,2019,D,Molesey East
166,0.300218150458919,0.4452563183978502,1237500.0,2020,D,Molesey East
182,0.009023638232271258,0.14571428571428569,1203000.0,2021,D,Molesey East
278,0.01628372216174867,0.305757406372275,292000.0,2015,F,Molesey East
294,-0.04120895088637022,0.42365591397849456,331000.0,2016,F,Molesey East
310,0.1969548872180451,0.6664285714285714,349950.0,2017,F,Molesey East
326,0.11510002041232914,0.49010002041232914,365000.0,2018,F,Molesey East
342,0.019396732299958197,0.26363636363636367,347500.0,2019,F,Molesey East
358,-0.07464355605255779,0.027397260273972712,300000.0,2020,F,Molesey East
374,0.12319818062228971,0.12688821752265866,373000.0,2021,F,Molesey East
470,0.06199723318132899,0.4413075780089153,485000.0,2015,S,Molesey East
486,0.5076722495236183,0.9822485207100591,670000.0,2016,S,Molesey East
502,-0.13609972677595628,0.32291666666666674,635000.0,2017,S,Molesey East
518,-0.08953587666458951,0.2950795079507951,647475.0,2018,S,Molesey East
534,-0.06949725457507894,0.12776301939752388,562500.0,2019,S,Molesey East
550,0.16974226804123704,0.32474226804123707,642500.0,2020,S,Molesey East
566,-0.03285297649682639,0.08208955223880587,725000.0,2021,S,Molesey East
662,0.04203102915665102,0.36229508196721305,415500.0,2015,T,Molesey East
678,0.07333010226206316,0.5436241610738255,460000.0,2016,T,Molesey East
694,0.024105754276827263,0.5241057542768273,490000.0,2017,T,Molesey East
710,0.10388669084514768,0.49851632047477734,505000.0,2018,T,Molesey East
726,0.0823153836638768,0.30379746835443044,515000.0,2019,T,Molesey East
742,-0.01454983043430702,0.16726835138387486,485000.0,2020,T,Molesey East
758,0.10716245193729645,0.19559782608695642,549975.0,2021,T,Molesey East
87,0.10996120214109029,0.34582191780821914,491225.0,2015,D,Molesey West
103,0.09554531490015372,0.4193548387096775,550000.0,2016,D,Molesey West
119,0.28157431210130435,0.6195372750642674,630000.0,2017,D,Molesey West
135,0.2939626683657628,0.5658924929271663,595000.0,2018,D,Molesey West
151,0.009288280712483665,0.11165048543689315,572500.0,2019,D,Molesey West
167,0.030594179763241858,0.17563234770217306,577500.0,2020,D,Molesey West
183,0.008763897972531076,0.1454545454545455,630000.0,2021,D,Molesey West
279,0.07755847953216377,0.3670321637426901,233762.5,2015,F,Molesey West
295,-0.043812233285917435,0.42105263157894735,243000.0,2016,F,Molesey West
311,-0.026715063520871052,0.4427586206896552,261500.0,2017,F,Molesey West
327,0.09558823529411775,0.47058823529411775,262500.0,2018,F,Molesey West
343,0.07627318917641501,0.3205128205128205,257500.0,2019,F,Molesey West
359,0.052977631884794985,0.1550184482113255,270000.0,2020,F,Molesey West
375,0.07655687667987787,0.08024691358024683,262500.0,2021,F,Molesey West
471,0.058784893267651794,0.4380952380952381,453000.0,2015,S,Molesey West
487,0.10169491525423724,0.576271186440678,465000.0,2016,S,Molesey West
503,0.021899637091728152,0.48091603053435117,485000.0,2017,S,Molesey West
519,0.09925558312655092,0.4838709677419355,460000.0,2018,S,Molesey West
535,0.03863716192483313,0.23589743589743595,482000.0,2019,S,Molesey West
551,-0.07332229580573957,0.08167770419426046,490000.0,2020,S,Molesey West
567,0.014089729328883971,0.12903225806451624,525000.0,2021,S,Molesey West
663,0.03477796399616073,0.35504201680672276,322500.0,2015,T,Molesey West
679,0.08384606857677279,0.5541401273885351,366000.0,2016,T,Molesey West
695,0.18909512761020886,0.6890951276102089,364000.0,2017,T,Molesey West
711,0.15368003230275673,0.5483096619323864,387000.0,2018,T,Molesey West
727,0.007889477236434184,0.22937156192698782,368750.0,2019,T,Molesey West
743,-0.07329105003523617,0.10852713178294571,357500.0,2020,T,Molesey West
759,-0.02012936322069825,0.06830601092896171,391000.0,2021,T,Molesey West
88,-0.0367656930426945,0.19909502262443435,1325000.0,2015,D,Oatlands and Burwood Park
104,-0.004931972789115502,0.31887755102040827,1292500.0,2016,D,Oatlands and Burwood Park
120,-0.10100644122383251,0.2369565217391305,1422500.0,2017,D,Oatlands and Burwood Park
136,-0.10200099893862768,0.16992882562277578,1315000.0,2018,D,Oatlands and Burwood Park
152,-0.20079970472440944,-0.09843749999999996,1442500.0,2019,D,Oatlands and Burwood Park
168,-0.12617024341062932,0.018867924528301883,1350000.0,2020,D,Oatlands and Burwood Park
184,0.04319329835937813,0.17988394584139256,1525000.0,2021,D,Oatlands and Burwood Park
280,0.0028391388676793916,0.2923128230782057,387500.0,2015,F,Oatlands and Burwood Park
296,-0.059692451071761354,0.4051724137931034,407500.0,2016,F,Oatlands and Burwood Park
312,0.00900732844770169,0.47848101265822796,365000.0,2017,F,Oatlands and Burwood Park
328,-0.178921568627451,0.196078431372549,305000.0,2018,F,Oatlands and Burwood Park
344,-0.02757296466973891,0.21666666666666656,365000.0,2019,F,Oatlands and Burwood Park
360,-0.25752468729427247,-0.15548387096774197,327250.0,2020,F,Oatlands and Burwood Park
376,-0.007371018495460957,-0.0036809815950920033,406000.0,2021,F,Oatlands and Burwood Park
472,-0.11681034482758634,0.26249999999999996,631250.0,2015,S,Oatlands and Burwood Park
488,0.5611792074756123,1.035755478662053,882500.0,2016,S,Oatlands and Burwood Park
504,0.439460763917783,0.898477157360406,935000.0,2017,S,Oatlands and Burwood Park
520,0.33333333333333326,0.7179487179487178,670000.0,2018,S,Oatlands and Burwood Park
536,-0.4991833508956798,-0.30192307692307696,726000.0,2019,S,Oatlands and Burwood Park
552,0.31430693069306925,0.4693069306930693,927500.0,2020,S,Oatlands and Burwood Park
568,-0.11210966754583063,0.0028328611898016387,885000.0,2021,S,Oatlands and Burwood Park
664,0.188826856280347,0.509090909090909,581000.0,2015,T,Oatlands and Burwood Park
680,-0.14091720421235587,0.32937685459940647,560000.0,2016,T,Oatlands and Burwood Park
696,-0.19047619047619047,0.30952380952380953,550000.0,2017,T,Oatlands and Burwood Park
712,0.11052500954562805,0.5051546391752577,730000.0,2018,T,Oatlands and Burwood Park
728,-0.037965757868936745,0.1835163268216169,622500.0,2019,T,Oatlands and Burwood Park
744,-0.2179627601314349,-0.03614457831325302,560000.0,2020,T,Oatlands and Burwood Park
760,-0.003613945578231359,0.0848214285714286,607500.0,2021,T,Oatlands and Burwood Park
89,0.16413928433287106,0.3999999999999999,1400000.0,2015,D,Oxshott and Stoke D'Abernon
105,-0.37326007326007327,-0.0494505494505495,1297500.0,2016,D,Oxshott and Stoke D'Abernon
121,-0.027796987859228572,0.31016597510373445,1578750.0,2017,D,Oxshott and Stoke D'Abernon
137,-0.10119811724433037,0.1707317073170731,1680000.0,2018,D,Oxshott and Stoke D'Abernon
153,-0.06787944610371976,0.034482758620689724,1500000.0,2019,D,Oxshott and Stoke D'Abernon
169,0.015676117775354603,0.1607142857142858,1625000.0,2020,D,Oxshott and Stoke D'Abernon
185,0.16966773402087565,0.3063583815028901,1695000.0,2021,D,Oxshott and Stoke D'Abernon
281,0.21156151247684418,0.5010351966873705,217500.0,2015,F,Oxshott and Stoke D'Abernon
297,0.03513513513513522,0.5,187500.0,2016,F,Oxshott and Stoke D'Abernon
313,2.9668899521531102,3.4363636363636365,610000.0,2017,F,Oxshott and Stoke D'Abernon
329,6.180555555555555,6.555555555555555,1700000.0,2018,F,Oxshott and Stoke D'Abernon
345,-0.6517396313364054,-0.4075,355500.0,2019,F,Oxshott and Stoke D'Abernon
361,0.8519821721792167,0.9540229885057472,425000.0,2020,F,Oxshott and Stoke D'Abernon
377,1.924309963099631,1.928,549000.0,2021,F,Oxshott and Stoke D'Abernon
473,-0.12094354429211096,0.25836680053547534,587500.0,2015,S,Oxshott and Stoke D'Abernon
489,-0.06956222104593923,0.4050140501405015,702500.0,2016,S,Oxshott and Stoke D'Abernon
505,-0.030444964871194413,0.4285714285714286,700000.0,2017,S,Oxshott and Stoke D'Abernon
521,-0.003984753984753953,0.38063063063063063,766250.0,2018,S,Oxshott and Stoke D'Abernon
537,0.017729864094458314,0.21499013806706113,770000.0,2019,S,Oxshott and Stoke D'Abernon
553,0.1045744680851064,0.2595744680851064,740000.0,2020,S,Oxshott and Stoke D'Abernon
569,-0.1167218881662373,-0.001779359430605032,701250.0,2021,S,Oxshott and Stoke D'Abernon
665,-0.20794126109845723,0.1123227917121048,510000.0,2015,T,Oxshott and Stoke D'Abernon
681,-0.1257157455587503,0.344578313253012,558000.0,2016,T,Oxshott and Stoke D'Abernon
697,1.3161434977578477,1.8161434977578477,1570000.0,2017,T,Oxshott and Stoke D'Abernon
713,-0.11850350350350358,0.2761261261261261,708250.0,2018,T,Oxshott and Stoke D'Abernon
729,-0.2824211456296146,-0.060939060939060985,470000.0,2019,T,Oxshott and Stoke D'Abernon
745,0.9260249554367201,1.107843137254902,1075000.0,2020,T,Oxshott and Stoke D'Abernon
761,-0.28556799063711513,-0.19713261648745517,448000.0,2021,T,Oxshott and Stoke D'Abernon
90,0.05163928433287124,0.2875000000000001,1030000.0,2015,D,Thames Ditton
106,-0.13809523809523805,0.18571428571428572,1037500.0,2016,D,Thames Ditton
122,0.01296871405567046,0.3509316770186335,1087500.0,2017,D,Thames Ditton
138,-0.01827128797603761,0.25365853658536586,1028000.0,2018,D,Thames Ditton
154,0.02263779527559051,0.125,1057500.0,2019,D,Thames Ditton
170,-0.05523234269621269,0.08980582524271852,1122500.0,2020,D,Thames Ditton
186,0.0228515211926843,0.15954216867469873,1203025.0,2021,D,Thames Ditton
282,0.19052631578947365,0.48,370000.0,2015,F,Thames Ditton
298,0.20713513513513515,0.6719999999999999,418000.0,2016,F,Thames Ditton
314,0.10676393955185004,0.5762376237623763,398000.0,2017,F,Thames Ditton
330,0.037280701754385914,0.4122807017543859,402500.0,2018,F,Thames Ditton
346,-0.04731655441332849,0.19692307692307698,389000.0,2019,F,Thames Ditton
362,-0.0885273028130169,0.013513513513513598,375000.0,2020,F,Thames Ditton
378,-0.046752237857306755,-0.0430622009569378,400000.0,2021,F,Thames Ditton
474,0.10588965517241378,0.4852000000000001,787156.0,2015,S,Thames Ditton
490,0.038698065096745005,0.5132743362831858,855000.0,2016,S,Thames Ditton
506,0.002251212191179741,0.46126760563380276,830000.0,2017,S,Thames Ditton
522,-0.004223227752639502,0.3803921568627451,880000.0,2018,S,Thames Ditton
538,-0.08020341778531193,0.11705685618729089,835000.0,2019,S,Thames Ditton
554,-0.0770688148219667,0.07793118517803332,848500.0,2020,S,Thames Ditton
570,-0.0652349263964509,0.04970760233918137,897500.0,2021,S,Thames Ditton
666,0.38120653542473204,0.7014705882352941,578500.0,2015,T,Thames Ditton
682,-0.09045840773717329,0.37983565107458905,545725.0,2016,T,Thames Ditton
698,-0.04878048780487809,0.4512195121951219,595000.0,2017,T,Thames Ditton
714,-0.061296296296296404,0.33333333333333326,700000.0,2018,T,Thames Ditton
730,0.19375272143702005,0.4152348061275737,720000.0,2019,T,Thames Ditton
746,0.005735837196511273,0.18755401901469315,687000.0,2020,T,Thames Ditton
762,0.14845133618979678,0.23688671033945674,675000.0,2021,T,Thames Ditton
91,-0.08153972801280784,0.154320987654321,935000.0,2015,D,Walton Central
107,-0.1118889940081993,0.21192052980132448,915000.0,2016,D,Walton Central
123,0.2653428221610039,0.6033057851239669,970000.0,2017,D,Walton Central
139,-0.05202840961761113,0.21990141494379234,860000.0,2018,D,Walton Central
155,0.009013472399228784,0.11137567712363827,933500.0,2019,D,Walton Central
171,0.1811650406172185,0.3262032085561497,1240000.0,2020,D,Walton Central
187,-0.0984392813617958,0.03825136612021862,950000.0,2021,D,Walton Central
283,0.18701381578947363,0.47648749999999995,295297.5,2015,F,Walton Central
299,0.16671408250355624,0.631578947368421,310000.0,2016,F,Walton Central
315,0.004210526315789442,0.4736842105263157,322000.0,2017,F,Walton Central
331,-0.25520833333333326,0.11979166666666674,268750.0,2018,F,Walton Central
347,0.06188281764318626,0.30612244897959173,320000.0,2019,F,Walton Central
363,-0.036166570862210534,0.06587424546431997,314750.0,2020,F,Walton Central
379,0.04180673729317941,0.04549677419354836,324104.0,2021,F,Walton Central
475,0.2023890015776424,0.5816993464052287,605000.0,2015,S,Walton Central
491,-0.09377799718428315,0.3807982740021576,640000.0,2016,S,Walton Central
507,0.06479313036690071,0.5238095238095237,600000.0,2017,S,Walton Central
523,-0.15352945582664201,0.23108592878874257,610000.0,2018,S,Walton Central
539,-0.15322323693556572,0.0440370370370371,563780.0,2019,S,Walton Central
555,-0.03929752066115699,0.11570247933884303,675000.0,2020,S,Walton Central
571,-0.060255028735632266,0.0546875,675000.0,2021,S,Walton Central
667,0.08063684809033878,0.4009009009009008,388750.0,2015,T,Walton Central
683,-0.04886548738319085,0.4214285714285715,497500.0,2016,T,Walton Central
699,0.13695299837925456,0.6369529983792546,505000.0,2017,T,Walton Central
715,0.19152421652421658,0.5861538461538462,515500.0,2018,T,Walton Central
731,-0.15569261100634302,0.06578947368421062,405000.0,2019,T,Walton Central
747,0.04004676995030687,0.22186495176848875,475000.0,2020,T,Walton Central
763,-0.15175195706423283,-0.06331658291457287,466000.0,2021,T,Walton Central
92,0.2578499761567705,0.4937106918238994,475000.0,2015,D,Walton North
108,0.23024453024453018,0.554054054054054,575000.0,2016,D,Walton North
124,-0.10582010582010581,0.2321428571428572,517500.0,2017,D,Walton North
140,-0.09273907311631668,0.17919075144508678,510000.0,2018,D,Walton North
156,0.06785056123303734,0.17021276595744683,550000.0,2019,D,Walton North
172,0.11811972679791083,0.26315789473684204,600000.0,2020,D,Walton North
188,-0.09322108226462311,0.043469565217391315,599995.0,2021,D,Walton North
284,0.1791200657894736,0.4685937499999999,234975.0,2015,F,Walton North
300,0.0710282903938999,0.5358931552587647,230000.0,2016,F,Walton North
316,-0.010246216399367514,0.45922746781115875,255000.0,2017,F,Walton North
332,-0.13147668393782386,0.24352331606217614,240000.0,2018,F,Walton North
348,-0.06298963133640556,0.1812499999999999,236250.0,2019,F,Walton North
364,-0.03831063226439624,0.06373018406213427,249950.0,2020,F,Walton North
380,0.05717952831702244,0.0608695652173914,244000.0,2021,F,Walton North
476,0.265760077707625,0.6450704225352113,438000.0,2015,S,Walton North
492,0.16716285924834184,0.6417391304347826,472000.0,2016,S,Walton North
508,-0.013561847988077469,0.44545454545454555,477000.0,2017,S,Walton North
524,0.055683122847302036,0.4402985074626866,482500.0,2018,S,Walton North
540,0.11363911112098468,0.3108993850935875,485000.0,2019,S,Walton North
556,-0.019160958904109515,0.1358390410958905,497497.5,2020,S,Walton North
572,-0.05562049483732712,0.05932203389830515,500000.0,2021,S,Walton North
668,0.03390261385610471,0.35416666666666674,325000.0,2015,T,Walton North
684,-0.10874203059306753,0.3615520282186948,386000.0,2016,T,Walton North
700,-0.10670194003527333,0.39329805996472667,395000.0,2017,T,Walton North
716,-0.09446379215035927,0.3001658374792704,392000.0,2018,T,Walton North
732,-0.00010803888902688463,0.22137404580152675,400000.0,2019,T,Walton North
748,0.06895104895104898,0.25076923076923086,406500.0,2020,T,Walton North
764,0.02555426315603948,0.11398963730569944,430000.0,2021,T,Walton North
93,-0.00929821566712885,0.2265625,785000.0,2015,D,Walton South
109,0.21216460715248098,0.5359741309620047,950000.0,2016,D,Walton South
125,-0.101039886039886,0.23692307692307701,804000.0,2017,D,Walton South
141,0.060349906770086115,0.3322797313314896,843000.0,2018,D,Walton South
157,-0.09019675460275489,0.012165450121654597,780000.0,2019,D,Walton South
173,-0.03357319978606488,0.11146496815286633,872500.0,2020,D,Walton South
189,-0.1893222264293829,-0.052631578947368474,900000.0,2021,D,Walton South
285,-0.1051161423110849,0.18435754189944142,265000.0,2015,F,Walton South
301,-0.08304668304668295,0.38181818181818183,304000.0,2016,F,Walton South
317,-0.136140350877193,0.33333333333333326,300000.0,2017,F,Walton South
333,-0.062089715536105095,0.3129102844638949,300000.0,2018,F,Walton South
349,-0.11823963133640558,0.1259999999999999,281500.0,2019,F,Walton South
365,0.06777050442818644,0.16981132075471694,310000.0,2020,F,Walton South
381,0.0440073315206837,0.047697368421052655,318500.0,2021,F,Walton South
477,-0.0193103448275862,0.3600000000000001,510000.0,2015,S,Walton South
493,0.012923728813559299,0.48750000000000004,595000.0,2016,S,Walton South
509,0.05424105770547882,0.5132574511481018,575000.0,2017,S,Walton South
525,0.03438583341141199,0.4190012180267966,582500.0,2018,S,Walton South
541,-0.07546540217773101,0.1217948717948718,525000.0,2019,S,Walton South
557,0.08519607843137256,0.24019607843137258,632500.0,2020,S,Walton South
573,-0.005698831256640613,0.10924369747899165,660000.0,2021,S,Walton South
669,-0.1912317947460458,0.12903225806451624,350000.0,2015,T,Walton South
685,-0.2071361640749203,0.26315789473684204,360000.0,2016,T,Walton South
701,-0.17109634551495012,0.3289036544850499,400000.0,2017,T,Walton South
717,-0.08407498418146675,0.3105546454481629,420000.0,2018,T,Walton South
733,-0.043103706312175305,0.17837837837837833,436000.0,2019,T,Walton South
749,0.02389610389610386,0.20571428571428574,422000.0,2020,T,Walton South
765,0.07823129251700678,0.16666666666666674,420000.0,2021,T,Walton South
94,0.212668696097577,0.44852941176470584,985000.0,2015,D,Weybridge Riverside
110,-0.05108225108225106,0.2727272727272727,1050000.0,2016,D,Weybridge Riverside
126,0.3967601601420405,0.7347231231050035,1150000.0,2017,D,Weybridge Riverside
142,-0.11150201707477247,0.160427807486631,1085000.0,2018,D,Weybridge Riverside
158,0.26013779527559056,0.36250000000000004,1090000.0,2019,D,Weybridge Riverside
174,0.07196690820320084,0.21700507614213205,1198750.0,2020,D,Weybridge Riverside
190,0.0014045906132236219,0.13809523809523805,1195000.0,2021,D,Weybridge Riverside
286,-0.08434547908232126,0.20512820512820507,282000.0,2015,F,Weybridge Riverside
302,-0.28486486486486484,0.17999999999999994,295000.0,2016,F,Weybridge Riverside
318,-0.2704940923737915,0.19897959183673475,293750.0,2017,F,Weybridge Riverside
334,-0.05652173913043468,0.3184782608695653,303250.0,2018,F,Weybridge Riverside
350,-0.044239631336405516,0.19999999999999996,300000.0,2019,F,Weybridge Riverside
366,-0.016047908525111954,0.08599290780141855,306250.0,2020,F,Weybridge Riverside
382,0.10817436987929208,0.11186440677966103,328000.0,2021,F,Weybridge Riverside
478,0.267736713995943,0.6470470588235293,699995.0,2015,S,Weybridge Riverside
494,-0.06230501176771086,0.4122712594187299,656000.0,2016,S,Weybridge Riverside
510,0.19040889391369875,0.6494252873563218,717500.0,2017,S,Weybridge Riverside
526,-0.10566801619433197,0.2789473684210526,607500.0,2018,S,Weybridge Riverside
542,-0.02632010303243182,0.170940170940171,685000.0,2019,S,Weybridge Riverside
558,-0.22892195658540426,-0.07392195658540424,648250.0,2020,S,Weybridge Riverside
574,-0.03643643117465656,0.07850609756097571,707500.0,2021,S,Weybridge Riverside
670,0.06862483607832681,0.38888888888888884,500000.0,2015,T,Weybridge Riverside
686,0.0664706470705907,0.536764705882353,522500.0,2016,T,Weybridge Riverside
702,-0.078125,0.421875,455000.0,2017,T,Weybridge Riverside
718,-0.02620857699805068,0.368421052631579,520000.0,2018,T,Weybridge Riverside
734,-0.13356999677846582,0.08791208791208782,495000.0,2019,T,Weybridge Riverside
750,-0.13181818181818183,0.050000000000000044,525000.0,2020,T,Weybridge Riverside
766,-0.0358037952022916,0.05263157894736836,550000.0,2021,T,Weybridge Riverside
95,0.04792306811665492,0.28378378378378377,1187500.0,2015,D,Weybridge St George's Hill
111,0.11778591778591774,0.4415954415954415,1265000.0,2016,D,Weybridge St George's Hill
127,-0.17274557165861526,0.16521739130434776,1340000.0,2017,D,Weybridge St George's Hill
143,-0.15087719298245617,0.1210526315789473,1065000.0,2018,D,Weybridge St George's Hill
159,-0.24140982377202858,-0.1390476190476191,1130000.0,2019,D,Weybridge St George's Hill
175,-0.08188027320208913,0.06315789473684208,1262500.0,2020,D,Weybridge St George's Hill
191,-0.0457815565729236,0.09090909090909083,1380000.0,2021,D,Weybridge St George's Hill
287,-0.30066249539933754,-0.01118881118881121,353500.0,2015,F,Weybridge St George's Hill
303,0.287902662810412,0.7527675276752768,475000.0,2016,F,Weybridge St George's Hill
319,0.012529279795401749,0.482002964005928,370500.0,2017,F,Weybridge St George's Hill
335,-0.13510781671159022,0.23989218328840978,345000.0,2018,F,Weybridge St George's Hill
351,-0.06963645673323082,0.17460317460317465,370000.0,2019,F,Weybridge St George's Hill
367,-0.15437462113558287,-0.052333804809052364,335000.0,2020,F,Weybridge St George's Hill
383,-0.1826374053214216,-0.17894736842105263,390000.0,2021,F,Weybridge St George's Hill
479,-0.21188953034794822,0.16742081447963808,645000.0,2015,S,Weybridge St George's Hill
495,0.192090395480226,0.6666666666666667,575000.0,2016,S,Weybridge St George's Hill
511,-0.22645825390773933,0.2325581395348837,530000.0,2017,S,Weybridge St George's Hill
527,-0.08560548362528553,0.29900990099009905,656000.0,2018,S,Weybridge St George's Hill
543,0.22827164092101415,0.42553191489361697,670000.0,2019,S,Weybridge St George's Hill
559,-0.08329457364341097,0.07170542635658905,691250.0,2020,S,Weybridge St George's Hill
575,0.0763618190904547,0.19130434782608696,685000.0,2021,S,Weybridge St George's Hill
671,0.32418039163388235,0.6444444444444444,555000.0,2015,T,Weybridge St George's Hill
687,-0.2444876071988591,0.22580645161290325,475000.0,2016,T,Weybridge St George's Hill
703,0.11917808219178072,0.6191780821917807,591000.0,2017,T,Weybridge St George's Hill
719,-0.016580849141824894,0.37804878048780477,565000.0,2018,T,Weybridge St George's Hill
735,-0.175090332113234,0.046391752577319645,507500.0,2019,T,Weybridge St George's Hill
751,-0.15028665028665045,0.03153153153153143,572500.0,2020,T,Weybridge St George's Hill
767,0.21156462585034008,0.30000000000000004,617500.0,2021,T,Weybridge St George's Hill
