,5y_ret,cluster,Year,Type,Lat,Lon
5,0.44888459589749363,0,2015,D,51.338992777777776,-0.3511536666666667
6,-0.05581395348837215,0,2016,D,51.338992777777776,-0.3511536666666667
7,-0.35946918602200395,0,2017,D,51.338992777777776,-0.3511536666666667
8,-0.3474088291746641,0,2018,D,51.338992777777776,-0.3511536666666667
9,0.13087395696091342,0,2019,D,51.338992777777776,-0.3511536666666667
10,-0.09815950920245398,0,2020,D,51.338992777777776,-0.3511536666666667
11,0.4997536945812808,0,2021,D,51.338992777777776,-0.3511536666666667
27,1.2352941176470589,3,2015,F,51.37355608219178,-0.45120868493150684
30,-1.8386454183266934,3,2016,F,51.37355608219178,-0.45120868493150684
33,-2.748,3,2017,F,51.37355608219178,-0.45120868493150684
36,-0.5833333333333333,3,2018,F,51.37355608219178,-0.45120868493150684
39,-1.4545454545454546,3,2019,F,51.37355608219178,-0.45120868493150684
42,0.05263157894736836,3,2020,F,51.37355608219178,-0.45120868493150684
45,-3.992874109263658,3,2021,F,51.37355608219178,-0.45120868493150684
28,1.942857142857143,3,2015,S,51.37355608219178,-0.45120868493150684
31,0.19924457034938614,3,2016,S,51.37355608219178,-0.45120868493150684
34,1.7223230490018149,3,2017,S,51.37355608219178,-0.45120868493150684
37,-0.6333333333333333,3,2018,S,51.37355608219178,-0.45120868493150684
40,-0.3514285714285714,3,2019,S,51.37355608219178,-0.45120868493150684
43,-0.12135922330097082,3,2020,S,51.37355608219178,-0.45120868493150684
46,0.25984251968503935,3,2021,S,51.37355608219178,-0.45120868493150684
29,1.296983758700696,3,2015,T,51.37355608219178,-0.45120868493150684
32,5.134969325153374,3,2016,T,51.37355608219178,-0.45120868493150684
35,1.272727272727273,3,2017,T,51.37355608219178,-0.45120868493150684
38,0.15312499999999996,3,2018,T,51.37355608219178,-0.45120868493150684
41,-0.6945801526717557,3,2019,T,51.37355608219178,-0.45120868493150684
44,1.0404040404040402,3,2020,T,51.37355608219178,-0.45120868493150684
47,-0.7,3,2021,T,51.37355608219178,-0.45120868493150684
53,0.06756756756756754,5,2015,F,51.37714194326241,-0.4097389361702128
54,-0.3097345132743363,5,2016,F,51.37714194326241,-0.4097389361702128
55,-0.26125,5,2017,F,51.37714194326241,-0.4097389361702128
56,2.0327868852459017,5,2018,F,51.37714194326241,-0.4097389361702128
57,0.05555555555555558,5,2019,F,51.37714194326241,-0.4097389361702128
58,0.012658227848101333,5,2020,F,51.37714194326241,-0.4097389361702128
59,0.11538461538461542,5,2021,F,51.37714194326241,-0.4097389361702128
65,0.06316447779862422,6,2015,S,51.402923880555555,-0.3699469166666668
66,0.39583333333333326,6,2016,S,51.402923880555555,-0.3699469166666668
67,0.3285714285714285,6,2017,S,51.402923880555555,-0.3699469166666668
68,0.5818181818181818,6,2018,S,51.402923880555555,-0.3699469166666668
69,0.13567839195979903,6,2019,S,51.402923880555555,-0.3699469166666668
70,-0.6120588235294118,6,2020,S,51.402923880555555,-0.3699469166666668
71,-0.15522388059701497,6,2021,S,51.402923880555555,-0.3699469166666668
77,0.3846094674809082,7,2015,D,51.3724165,-0.42225552631578944
78,0.3999999999999999,7,2016,D,51.3724165,-0.42225552631578944
79,0.10376602564102555,7,2017,D,51.3724165,-0.42225552631578944
80,0.43581081081081074,7,2018,D,51.3724165,-0.42225552631578944
81,-0.22895357985837927,7,2019,D,51.3724165,-0.42225552631578944
82,-0.937037037037037,7,2020,D,51.3724165,-0.42225552631578944
83,0.24242424242424243,7,2021,D,51.3724165,-0.42225552631578944
104,1.1282345787446793,8,2015,D,51.402374888888886,-0.35657815873015875
108,1.4838709677419355,8,2016,D,51.402374888888886,-0.35657815873015875
112,-0.05857740585774063,8,2017,D,51.402374888888886,-0.35657815873015875
116,-0.08241758241758246,8,2018,D,51.402374888888886,-0.35657815873015875
120,-0.5876865671641791,8,2019,D,51.402374888888886,-0.35657815873015875
124,2.0476190476190474,8,2020,D,51.402374888888886,-0.35657815873015875
128,0.6623376623376624,8,2021,D,51.402374888888886,-0.35657815873015875
105,-21.0,8,2015,F,51.402374888888886,-0.35657815873015875
109,0.17500000000000004,8,2016,F,51.402374888888886,-0.35657815873015875
113,inf,8,2017,F,51.402374888888886,-0.35657815873015875
117,0.9223076923076923,8,2018,F,51.402374888888886,-0.35657815873015875
121,1.6373626373626373,8,2019,F,51.402374888888886,-0.35657815873015875
125,-0.30000000000000004,8,2020,F,51.402374888888886,-0.35657815873015875
129,1.5319148936170213,8,2021,F,51.402374888888886,-0.35657815873015875
106,0.3226909920182439,8,2015,S,51.402374888888886,-0.35657815873015875
110,5.218181818181818,8,2016,S,51.402374888888886,-0.35657815873015875
114,0.8170731707317074,8,2017,S,51.402374888888886,-0.35657815873015875
118,-0.3088235294117647,8,2018,S,51.402374888888886,-0.35657815873015875
122,-0.43666666666666665,8,2019,S,51.402374888888886,-0.35657815873015875
126,0.010344827586206806,8,2020,S,51.402374888888886,-0.35657815873015875
130,0.029239766081871288,8,2021,S,51.402374888888886,-0.35657815873015875
107,0.20870265914585007,8,2015,T,51.402374888888886,-0.35657815873015875
111,1.1220159151193636,8,2016,T,51.402374888888886,-0.35657815873015875
115,1.3333333333333335,8,2017,T,51.402374888888886,-0.35657815873015875
119,0.6049632818435047,8,2018,T,51.402374888888886,-0.35657815873015875
123,0.16552147239263815,8,2019,T,51.402374888888886,-0.35657815873015875
127,1.2400000000000002,8,2020,T,51.402374888888886,-0.35657815873015875
131,-0.18333333333333335,8,2021,T,51.402374888888886,-0.35657815873015875
137,1.3849372384937237,9,2015,T,51.397837820312496,-0.3754697734375
138,0.7234468937875751,9,2016,T,51.397837820312496,-0.3754697734375
139,-0.15000000000000002,9,2017,T,51.397837820312496,-0.3754697734375
140,-1.106153846153846,9,2018,T,51.397837820312496,-0.3754697734375
141,-0.18266666666666664,9,2019,T,51.397837820312496,-0.3754697734375
142,0.2807017543859649,9,2020,T,51.397837820312496,-0.3754697734375
143,-0.8255813953488372,9,2021,T,51.397837820312496,-0.3754697734375
154,3.560039996363967,11,2015,D,51.37751141025641,-0.32929928205128206
156,0.6000000000000001,11,2016,D,51.37751141025641,-0.32929928205128206
158,0.2883435582822085,11,2017,D,51.37751141025641,-0.32929928205128206
160,0.0,11,2018,D,51.37751141025641,-0.32929928205128206
162,-0.14942528735632188,11,2019,D,51.37751141025641,-0.32929928205128206
164,-0.561447224160271,11,2020,D,51.37751141025641,-0.32929928205128206
166,0.012499999999999956,11,2021,D,51.37751141025641,-0.32929928205128206
155,1.0338983050847457,11,2015,S,51.37751141025641,-0.32929928205128206
157,0.7446808510638299,11,2016,S,51.37751141025641,-0.32929928205128206
159,-0.08333333333333337,11,2017,S,51.37751141025641,-0.32929928205128206
161,-0.06837606837606836,11,2018,S,51.37751141025641,-0.32929928205128206
163,0.5826923076923076,11,2019,S,51.37751141025641,-0.32929928205128206
165,0.1100000000000001,11,2020,S,51.37751141025641,-0.32929928205128206
167,0.4768292682926829,11,2021,S,51.37751141025641,-0.32929928205128206
173,0.9464053999357152,13,2015,D,51.33762442222222,-0.37671873333333333
174,-0.08441558441558439,13,2016,D,51.33762442222222,-0.37671873333333333
175,0.6455026455026456,13,2017,D,51.33762442222222,-0.37671873333333333
176,-0.09293534482758625,13,2018,D,51.33762442222222,-0.37671873333333333
177,0.25,13,2019,D,51.33762442222222,-0.37671873333333333
178,-0.5351681957186545,13,2020,D,51.33762442222222,-0.37671873333333333
179,0.0,13,2021,D,51.33762442222222,-0.37671873333333333
190,0.6499587510312241,14,2015,D,51.360207359550564,-0.3325432808988764
192,0.8170731707317074,14,2016,D,51.360207359550564,-0.3325432808988764
194,0.9838709677419355,14,2017,D,51.360207359550564,-0.3325432808988764
196,-0.3538461538461538,14,2018,D,51.360207359550564,-0.3325432808988764
198,-0.7142857142857143,14,2019,D,51.360207359550564,-0.3325432808988764
200,0.13636363636363646,14,2020,D,51.360207359550564,-0.3325432808988764
202,-0.38926174496644295,14,2021,D,51.360207359550564,-0.3325432808988764
191,0.47552447552447563,14,2015,S,51.360207359550564,-0.3325432808988764
193,0.28333333333333344,14,2016,S,51.360207359550564,-0.3325432808988764
195,0.671875,14,2017,S,51.360207359550564,-0.3325432808988764
197,-0.06976744186046513,14,2018,S,51.360207359550564,-0.3325432808988764
199,0.38749999999999996,14,2019,S,51.360207359550564,-0.3325432808988764
201,0.2867298578199051,14,2020,S,51.360207359550564,-0.3325432808988764
203,-0.10389610389610393,14,2021,S,51.360207359550564,-0.3325432808988764
214,-0.1470588235294118,16,2015,F,51.37786289473684,-0.4342823684210526
216,1.4394966118102612,16,2016,F,51.37786289473684,-0.4342823684210526
218,-0.1839951500454683,16,2017,F,51.37786289473684,-0.4342823684210526
220,-0.5454545454545454,16,2018,F,51.37786289473684,-0.4342823684210526
222,0.6000000000000001,16,2019,F,51.37786289473684,-0.4342823684210526
224,-0.6551724137931034,16,2020,F,51.37786289473684,-0.4342823684210526
226,-0.05820105820105825,16,2021,F,51.37786289473684,-0.4342823684210526
215,0.5941404566996984,16,2015,T,51.37786289473684,-0.4342823684210526
217,0.3783701908512571,16,2016,T,51.37786289473684,-0.4342823684210526
219,0.0,16,2017,T,51.37786289473684,-0.4342823684210526
221,0.04709677419354841,16,2018,T,51.37786289473684,-0.4342823684210526
223,0.07695804195804201,16,2019,T,51.37786289473684,-0.4342823684210526
225,-0.2432432432432432,16,2020,T,51.37786289473684,-0.4342823684210526
227,-0.32527472527472523,16,2021,T,51.37786289473684,-0.4342823684210526
233,0.03571428571428581,17,2015,F,51.369888583333335,-0.3653403611111112
234,-0.101010101010101,17,2016,F,51.369888583333335,-0.3653403611111112
235,-0.6670270270270271,17,2017,F,51.369888583333335,-0.3653403611111112
236,-0.375,17,2018,F,51.369888583333335,-0.3653403611111112
237,-0.6503496503496504,17,2019,F,51.369888583333335,-0.3653403611111112
238,2.4827586206896552,17,2020,F,51.369888583333335,-0.3653403611111112
239,1.8146067415730336,17,2021,F,51.369888583333335,-0.3653403611111112
250,-0.5522388059701493,19,2015,S,51.40065451428571,-0.3631952285714286
252,2.5,19,2016,S,51.40065451428571,-0.3631952285714286
254,0.139240506329114,19,2017,S,51.40065451428571,-0.3631952285714286
256,-0.5608108108108107,19,2018,S,51.40065451428571,-0.3631952285714286
258,-0.585820895522388,19,2019,S,51.40065451428571,-0.3631952285714286
260,10.533333333333333,19,2020,S,51.40065451428571,-0.3631952285714286
262,-0.18367346938775508,19,2021,S,51.40065451428571,-0.3631952285714286
251,-4.194148936170213,19,2015,T,51.40065451428571,-0.3631952285714286
253,4.320970042796006,19,2016,T,51.40065451428571,-0.3631952285714286
255,-2.2202380952380953,19,2017,T,51.40065451428571,-0.3631952285714286
257,4.58,19,2018,T,51.40065451428571,-0.3631952285714286
259,-1.4286342401758725,19,2019,T,51.40065451428571,-0.3631952285714286
261,-2.0824313072439633,19,2020,T,51.40065451428571,-0.3631952285714286
263,-0.8096514745308311,19,2021,T,51.40065451428571,-0.3631952285714286
269,0.41758241758241765,21,2015,S,51.40417944897959,-0.3763361836734694
270,4.17196793379881,21,2016,S,51.40417944897959,-0.3763361836734694
271,-1.02,21,2017,S,51.40417944897959,-0.3763361836734694
272,-0.6666111018503084,21,2018,S,51.40417944897959,-0.3763361836734694
273,-0.2833333333333333,21,2019,S,51.40417944897959,-0.3763361836734694
274,-0.4883720930232558,21,2020,S,51.40417944897959,-0.3763361836734694
275,2.58325,21,2021,S,51.40417944897959,-0.3763361836734694
281,0.211515163169939,22,2015,D,51.3218068,-0.3865680181818182
282,-0.11805555555555558,22,2016,D,51.3218068,-0.3865680181818182
283,0.9519230769230769,22,2017,D,51.3218068,-0.3865680181818182
284,0.39344262295081966,22,2018,D,51.3218068,-0.3865680181818182
285,0.2981818181818181,22,2019,D,51.3218068,-0.3865680181818182
286,0.4285714285714286,22,2020,D,51.3218068,-0.3865680181818182
287,0.1417322834645669,22,2021,D,51.3218068,-0.3865680181818182
293,-1.275,23,2015,S,51.37016319230769,-0.39091438461538464
294,-0.2857142857142857,23,2016,S,51.37016319230769,-0.39091438461538464
295,-2.351063829787234,23,2017,S,51.37016319230769,-0.39091438461538464
296,-2.43348623853211,23,2018,S,51.37016319230769,-0.39091438461538464
297,0.020000000000000018,23,2019,S,51.37016319230769,-0.39091438461538464
298,-0.2727272727272727,23,2020,S,51.37016319230769,-0.39091438461538464
299,-2.4,23,2021,S,51.37016319230769,-0.39091438461538464
305,0.7214971962380223,24,2015,D,51.32533527272727,-0.35560240909090907
306,-0.5048309178743962,24,2016,D,51.32533527272727,-0.35560240909090907
307,0.298342541436464,24,2017,D,51.32533527272727,-0.35560240909090907
308,-0.32835820895522383,24,2018,D,51.32533527272727,-0.35560240909090907
309,-0.08536585365853655,24,2019,D,51.32533527272727,-0.35560240909090907
310,-0.014705882352941124,24,2020,D,51.32533527272727,-0.35560240909090907
311,0.5182926829268293,24,2021,D,51.32533527272727,-0.35560240909090907
322,0.10799820002999949,25,2015,D,51.37318198360656,-0.41359490163934426
324,0.29357798165137616,25,2016,D,51.37318198360656,-0.41359490163934426
326,20.23076923076923,25,2017,D,51.37318198360656,-0.41359490163934426
328,1.2779552715654954,25,2018,D,51.37318198360656,-0.41359490163934426
330,3.6341463414634143,25,2019,D,51.37318198360656,-0.41359490163934426
332,1.8805222544787235,25,2020,D,51.37318198360656,-0.41359490163934426
334,0.14893617021276606,25,2021,D,51.37318198360656,-0.41359490163934426
323,0.9864999999999999,25,2015,F,51.37318198360656,-0.41359490163934426
325,-1.0463365189690124,25,2016,F,51.37318198360656,-0.41359490163934426
327,-1.8199999999999998,25,2017,F,51.37318198360656,-0.41359490163934426
329,-10.166666666666666,25,2018,F,51.37318198360656,-0.41359490163934426
331,-2.609082376078309,25,2019,F,51.37318198360656,-0.41359490163934426
333,-0.295242889504153,25,2020,F,51.37318198360656,-0.41359490163934426
335,-3.375,25,2021,F,51.37318198360656,-0.41359490163934426
341,3.745,26,2015,F,51.38678192592592,-0.42097412037037035
342,-12.6,26,2016,F,51.38678192592592,-0.42097412037037035
343,-0.688,26,2017,F,51.38678192592592,-0.42097412037037035
344,-0.7938144329896908,26,2018,F,51.38678192592592,-0.42097412037037035
345,2.517857142857143,26,2019,F,51.38678192592592,-0.42097412037037035
346,-0.2623814541622761,26,2020,F,51.38678192592592,-0.42097412037037035
347,-0.5517241379310345,26,2021,F,51.38678192592592,-0.42097412037037035
358,-1.1041666666666667,27,2015,F,51.38298310169492,-0.4042273559322034
360,-0.953125,27,2016,F,51.38298310169492,-0.4042273559322034
362,0.52,27,2017,F,51.38298310169492,-0.4042273559322034
364,-1.125,27,2018,F,51.38298310169492,-0.4042273559322034
366,-1.0606060606060606,27,2019,F,51.38298310169492,-0.4042273559322034
368,-10.0,27,2020,F,51.38298310169492,-0.4042273559322034
370,-31.166666666666668,27,2021,F,51.38298310169492,-0.4042273559322034
359,3.8,27,2015,S,51.38298310169492,-0.4042273559322034
361,inf,27,2016,S,51.38298310169492,-0.4042273559322034
363,0.17647058823529416,27,2017,S,51.38298310169492,-0.4042273559322034
365,0.34782608695652173,27,2018,S,51.38298310169492,-0.4042273559322034
367,0.44594594594594605,27,2019,S,51.38298310169492,-0.4042273559322034
369,1.203125,27,2020,S,51.38298310169492,-0.4042273559322034
371,0.21875,27,2021,S,51.38298310169492,-0.4042273559322034
387,-0.125,28,2015,F,51.39164291803279,-0.41475059016393445
390,-0.101123595505618,28,2016,F,51.39164291803279,-0.41475059016393445
393,1.04,28,2017,F,51.39164291803279,-0.41475059016393445
396,-3.1538461538461537,28,2018,F,51.39164291803279,-0.41475059016393445
399,-2.687526367599494,28,2019,F,51.39164291803279,-0.41475059016393445
402,-2.257142857142857,28,2020,F,51.39164291803279,-0.41475059016393445
405,0.1499999999999999,28,2021,F,51.39164291803279,-0.41475059016393445
388,-2.625,28,2015,S,51.39164291803279,-0.41475059016393445
391,-0.4,28,2016,S,51.39164291803279,-0.41475059016393445
394,-0.5851063829787234,28,2017,S,51.39164291803279,-0.41475059016393445
397,1.7027027027027026,28,2018,S,51.39164291803279,-0.41475059016393445
400,-26.614035087719298,28,2019,S,51.39164291803279,-0.41475059016393445
403,-0.4476923076923077,28,2020,S,51.39164291803279,-0.41475059016393445
406,-1.0,28,2021,S,51.39164291803279,-0.41475059016393445
389,-1.106837606837607,28,2015,T,51.39164291803279,-0.41475059016393445
392,-0.032786885245901676,28,2016,T,51.39164291803279,-0.41475059016393445
395,1.25,28,2017,T,51.39164291803279,-0.41475059016393445
398,0.2177083333333334,28,2018,T,51.39164291803279,-0.41475059016393445
401,0.4475,28,2019,T,51.39164291803279,-0.41475059016393445
404,2.9996,28,2020,T,51.39164291803279,-0.41475059016393445
407,0.810477657935285,28,2021,T,51.39164291803279,-0.41475059016393445
413,-5.1673612268711455,31,2015,D,51.376682274509804,-0.4021228823529412
414,-2.05,31,2016,D,51.376682274509804,-0.4021228823529412
415,4.15,31,2017,D,51.376682274509804,-0.4021228823529412
416,1.6582278481012658,31,2018,D,51.376682274509804,-0.4021228823529412
417,-1.0689655172413792,31,2019,D,51.376682274509804,-0.4021228823529412
418,-0.19999999999999996,31,2020,D,51.376682274509804,-0.4021228823529412
419,6.142857142857143,31,2021,D,51.376682274509804,-0.4021228823529412
430,-0.2381073316296567,32,2015,D,51.39639443835617,-0.3515982602739726
432,0.050000000000000044,32,2016,D,51.39639443835617,-0.3515982602739726
434,-0.044642857142857095,32,2017,D,51.39639443835617,-0.3515982602739726
436,-0.13953488372093026,32,2018,D,51.39639443835617,-0.3515982602739726
438,0.16230366492146597,32,2019,D,51.39639443835617,-0.3515982602739726
440,0.29166666666666674,32,2020,D,51.39639443835617,-0.3515982602739726
442,0.40161725067385445,32,2021,D,51.39639443835617,-0.3515982602739726
431,-0.1636363636363637,32,2015,S,51.39639443835617,-0.3515982602739726
433,0.25757575757575757,32,2016,S,51.39639443835617,-0.3515982602739726
435,0.41758241758241765,32,2017,S,51.39639443835617,-0.3515982602739726
437,0.5734513274336284,32,2018,S,51.39639443835617,-0.3515982602739726
439,0.3047619047619048,32,2019,S,51.39639443835617,-0.3515982602739726
441,1.091304347826087,32,2020,S,51.39639443835617,-0.3515982602739726
443,-0.15000000000000002,32,2021,S,51.39639443835617,-0.3515982602739726
454,0.7674007581219042,33,2015,D,51.382514,-0.31372905263157896
456,7.101039999999999,33,2016,D,51.382514,-0.31372905263157896
458,-0.6313868613138687,33,2017,D,51.382514,-0.31372905263157896
460,0.8473895582329318,33,2018,D,51.382514,-0.31372905263157896
462,0.5762463343108504,33,2019,D,51.382514,-0.31372905263157896
464,-0.06578947368421051,33,2020,D,51.382514,-0.31372905263157896
466,0.20071003229215023,33,2021,D,51.382514,-0.31372905263157896
455,0.28,33,2015,S,51.382514,-0.31372905263157896
457,1.2666666666666666,33,2016,S,51.382514,-0.31372905263157896
459,0.303030303030303,33,2017,S,51.382514,-0.31372905263157896
461,3.2153846153846155,33,2018,S,51.382514,-0.31372905263157896
463,0.2281249999999999,33,2019,S,51.382514,-0.31372905263157896
465,0.659375,33,2020,S,51.382514,-0.31372905263157896
467,-0.15588235294117647,33,2021,S,51.382514,-0.31372905263157896
478,1.5951763053260635,35,2015,D,51.363800373626376,-0.4375648681318681
480,2.2364864864864864,35,2016,D,51.363800373626376,-0.4375648681318681
482,-0.28873239436619713,35,2017,D,51.363800373626376,-0.4375648681318681
484,0.3978494623655915,35,2018,D,51.363800373626376,-0.4375648681318681
486,-0.3870967741935484,35,2019,D,51.363800373626376,-0.4375648681318681
488,-0.37614678899082565,35,2020,D,51.363800373626376,-0.4375648681318681
490,-0.16910229645093944,35,2021,D,51.363800373626376,-0.4375648681318681
479,0.054054054054053946,35,2015,F,51.363800373626376,-0.4375648681318681
481,1.9484536082474229,35,2016,F,51.363800373626376,-0.4375648681318681
483,0.23189873417721518,35,2017,F,51.363800373626376,-0.4375648681318681
485,0.28205128205128216,35,2018,F,51.363800373626376,-0.4375648681318681
487,-0.3660483681615403,35,2019,F,51.363800373626376,-0.4375648681318681
489,0.11538461538461542,35,2020,F,51.363800373626376,-0.4375648681318681
491,-0.46853146853146854,35,2021,F,51.363800373626376,-0.4375648681318681
497,-0.5483912590667367,37,2015,D,51.356714781818184,-0.4593908909090909
498,0.03649635036496357,37,2016,D,51.356714781818184,-0.4593908909090909
499,1.4949494949494948,37,2017,D,51.356714781818184,-0.4593908909090909
500,0.6730769230769231,37,2018,D,51.356714781818184,-0.4593908909090909
501,0.05913978494623651,37,2019,D,51.356714781818184,-0.4593908909090909
502,0.5306122448979591,37,2020,D,51.356714781818184,-0.4593908909090909
503,0.04225352112676051,37,2021,D,51.356714781818184,-0.4593908909090909
509,-0.6,38,2015,F,51.37335479680365,-0.4575132420091326
510,-0.4504166666666667,38,2016,F,51.37335479680365,-0.4575132420091326
511,-1.46,38,2017,F,51.37335479680365,-0.4575132420091326
512,-8.299270072992702,38,2018,F,51.37335479680365,-0.4575132420091326
513,-4.055555555555555,38,2019,F,51.37335479680365,-0.4575132420091326
514,-4.25,38,2020,F,51.37335479680365,-0.4575132420091326
515,-1.43972706595906,38,2021,F,51.37335479680365,-0.4575132420091326
526,-0.3232926829268292,39,2015,F,51.32912934707904,-0.4107047800687285
528,-0.17373692589830914,39,2016,F,51.32912934707904,-0.4107047800687285
530,-0.668944099378882,39,2017,F,51.32912934707904,-0.4107047800687285
532,1.1949999999999998,39,2018,F,51.32912934707904,-0.4107047800687285
534,0.3775101351351351,39,2019,F,51.32912934707904,-0.4107047800687285
536,0.5858713281672374,39,2020,F,51.32912934707904,-0.4107047800687285
538,1.6280487804878048,39,2021,F,51.32912934707904,-0.4107047800687285
527,0.8844788641497257,39,2015,S,51.32912934707904,-0.4107047800687285
529,0.43999999999999995,39,2016,S,51.32912934707904,-0.4107047800687285
531,0.4774193548387098,39,2017,S,51.32912934707904,-0.4107047800687285
533,-0.5909090909090908,39,2018,S,51.32912934707904,-0.4107047800687285
535,-0.2848484848484848,39,2019,S,51.32912934707904,-0.4107047800687285
537,-0.26027397260273977,39,2020,S,51.32912934707904,-0.4107047800687285
539,0.8999999999999999,39,2021,S,51.32912934707904,-0.4107047800687285
550,0.3767185726777176,40,2015,D,51.362816264705884,-0.3475417794117647
552,-0.25361766945925357,40,2016,D,51.362816264705884,-0.3475417794117647
554,0.19444444444444442,40,2017,D,51.362816264705884,-0.3475417794117647
556,-0.22015403726708072,40,2018,D,51.362816264705884,-0.3475417794117647
558,-0.5271739130434783,40,2019,D,51.362816264705884,-0.3475417794117647
560,-0.6689189189189189,40,2020,D,51.362816264705884,-0.3475417794117647
562,0.8775510204081634,40,2021,D,51.362816264705884,-0.3475417794117647
551,0.48913043478260865,40,2015,S,51.362816264705884,-0.3475417794117647
553,0.05303030303030298,40,2016,S,51.362816264705884,-0.3475417794117647
555,0.3666666666666667,40,2017,S,51.362816264705884,-0.3475417794117647
557,-0.12058627581612258,40,2018,S,51.362816264705884,-0.3475417794117647
559,0.1088607594936708,40,2019,S,51.362816264705884,-0.3475417794117647
561,-0.02481751824817513,40,2020,S,51.362816264705884,-0.3475417794117647
563,0.2517985611510791,40,2021,S,51.362816264705884,-0.3475417794117647
579,0.29729729729729737,43,2015,F,51.390589098039214,-0.40610349019607844
582,0.12328767123287676,43,2016,F,51.390589098039214,-0.40610349019607844
585,-0.0780952380952381,43,2017,F,51.390589098039214,-0.40610349019607844
588,0.6000000000000001,43,2018,F,51.390589098039214,-0.40610349019607844
591,0.78,43,2019,F,51.390589098039214,-0.40610349019607844
594,-0.0625,43,2020,F,51.390589098039214,-0.40610349019607844
597,-0.20731707317073167,43,2021,F,51.390589098039214,-0.40610349019607844
580,-1.625,43,2015,S,51.390589098039214,-0.40610349019607844
583,-3.857142857142857,43,2016,S,51.390589098039214,-0.40610349019607844
586,4.85,43,2017,S,51.390589098039214,-0.40610349019607844
589,4.0,43,2018,S,51.390589098039214,-0.40610349019607844
592,-0.6,43,2019,S,51.390589098039214,-0.40610349019607844
595,0.32000000000000006,43,2020,S,51.390589098039214,-0.40610349019607844
598,-0.5,43,2021,S,51.390589098039214,-0.40610349019607844
581,-0.34895833333333337,43,2015,T,51.390589098039214,-0.40610349019607844
584,-3.525252525252525,43,2016,T,51.390589098039214,-0.40610349019607844
587,-1.8863636363636362,43,2017,T,51.390589098039214,-0.40610349019607844
590,0.0774999999999999,43,2018,T,51.390589098039214,-0.40610349019607844
593,-0.9996774193548387,43,2019,T,51.390589098039214,-0.40610349019607844
596,0.6000000000000001,43,2020,T,51.390589098039214,-0.40610349019607844
599,-1.4,43,2021,T,51.390589098039214,-0.40610349019607844
615,-1.5832361273121145,45,2015,D,51.38085624590164,-0.39579937704918033
618,-0.9351351351351351,45,2016,D,51.38085624590164,-0.39579937704918033
621,-7.5,45,2017,D,51.38085624590164,-0.39579937704918033
624,0.25,45,2018,D,51.38085624590164,-0.39579937704918033
627,-1.5833333333333335,45,2019,D,51.38085624590164,-0.39579937704918033
630,0.4285714285714286,45,2020,D,51.38085624590164,-0.39579937704918033
633,6.916666666666667,45,2021,D,51.38085624590164,-0.39579937704918033
616,2.176470588235294,45,2015,S,51.38085624590164,-0.39579937704918033
619,0.44999999999999996,45,2016,S,51.38085624590164,-0.39579937704918033
622,1.3015343562374917,45,2017,S,51.38085624590164,-0.39579937704918033
625,0.0,45,2018,S,51.38085624590164,-0.39579937704918033
628,-0.0736842105263158,45,2019,S,51.38085624590164,-0.39579937704918033
631,-0.16296296296296298,45,2020,S,51.38085624590164,-0.39579937704918033
634,0.27586206896551735,45,2021,S,51.38085624590164,-0.39579937704918033
617,-0.3757802746566792,45,2015,T,51.38085624590164,-0.39579937704918033
620,0.11507582515611059,45,2016,T,51.38085624590164,-0.39579937704918033
623,4.611111111111111,45,2017,T,51.38085624590164,-0.39579937704918033
626,0.701851851851852,45,2018,T,51.38085624590164,-0.39579937704918033
629,-0.6943991853360489,45,2019,T,51.38085624590164,-0.39579937704918033
632,-0.050000000000000044,45,2020,T,51.38085624590164,-0.39579937704918033
635,-1.0,45,2021,T,51.38085624590164,-0.39579937704918033
641,0.4343337755301311,46,2015,D,51.369139,-0.36984252272727275
642,0.7904115400933389,46,2016,D,51.369139,-0.36984252272727275
643,-0.18693693693693691,46,2017,D,51.369139,-0.36984252272727275
644,0.0678454052747901,46,2018,D,51.369139,-0.36984252272727275
645,-0.1260923845193508,46,2019,D,51.369139,-0.36984252272727275
646,0.11267605633802824,46,2020,D,51.369139,-0.36984252272727275
647,-0.21327014218009477,46,2021,D,51.369139,-0.36984252272727275
658,-0.4790746132594116,48,2015,D,51.38268899090909,-0.41721247272727274
660,-0.10860012554927811,48,2016,D,51.38268899090909,-0.41721247272727274
662,-0.07100591715976334,48,2017,D,51.38268899090909,-0.41721247272727274
664,-0.64,48,2018,D,51.38268899090909,-0.41721247272727274
666,-0.4742647058823529,48,2019,D,51.38268899090909,-0.41721247272727274
668,2.6607142857142856,48,2020,D,51.38268899090909,-0.41721247272727274
670,0.49295774647887325,48,2021,D,51.38268899090909,-0.41721247272727274
659,0.03571428571428581,48,2015,F,51.38268899090909,-0.41721247272727274
661,-0.48524999999999996,48,2016,F,51.38268899090909,-0.41721247272727274
663,0.13235294117647056,48,2017,F,51.38268899090909,-0.41721247272727274
665,-1.554016620498615,48,2018,F,51.38268899090909,-0.41721247272727274
667,-0.6053584905660377,48,2019,F,51.38268899090909,-0.41721247272727274
669,0.4137931034482758,48,2020,F,51.38268899090909,-0.41721247272727274
671,0.4910150558523556,48,2021,F,51.38268899090909,-0.41721247272727274
682,-0.6207027343884693,49,2015,D,51.33503464583333,-0.40724525
684,2.9574545454545453,49,2016,D,51.33503464583333,-0.40724525
686,1.9166666666666665,49,2017,D,51.33503464583333,-0.40724525
688,-0.296875,49,2018,D,51.33503464583333,-0.40724525
690,-0.4857332448573325,49,2019,D,51.33503464583333,-0.40724525
692,8.181818181818182,49,2020,D,51.33503464583333,-0.40724525
694,0.26343839014977477,49,2021,D,51.33503464583333,-0.40724525
683,0.6944444444444444,49,2015,S,51.33503464583333,-0.40724525
685,-0.41129032258064513,49,2016,S,51.33503464583333,-0.40724525
687,-0.39622641509433965,49,2017,S,51.33503464583333,-0.40724525
689,0.38043478260869557,49,2018,S,51.33503464583333,-0.40724525
691,-0.2846153846153846,49,2019,S,51.33503464583333,-0.40724525
693,-0.3737704918032787,49,2020,S,51.33503464583333,-0.40724525
695,0.8082191780821917,49,2021,S,51.33503464583333,-0.40724525
706,-0.11111111111111116,50,2015,F,51.37309777108434,-0.4394809397590361
708,-0.45789473684210524,50,2016,F,51.37309777108434,-0.4394809397590361
710,1.388679245283019,50,2017,F,51.37309777108434,-0.4394809397590361
712,-0.5673492933371791,50,2018,F,51.37309777108434,-0.4394809397590361
714,0.04651162790697683,50,2019,F,51.37309777108434,-0.4394809397590361
716,-0.41666666666666663,50,2020,F,51.37309777108434,-0.4394809397590361
718,-0.3980582524271845,50,2021,F,51.37309777108434,-0.4394809397590361
707,1.4819027921406414,50,2015,T,51.37309777108434,-0.4394809397590361
709,0.3578036407042673,50,2016,T,51.37309777108434,-0.4394809397590361
711,-0.01109090909090904,50,2017,T,51.37309777108434,-0.4394809397590361
713,0.5700571428571428,50,2018,T,51.37309777108434,-0.4394809397590361
715,-0.2964786585365854,50,2019,T,51.37309777108434,-0.4394809397590361
717,-0.20833333333333337,50,2020,T,51.37309777108434,-0.4394809397590361
719,-0.15164835164835166,50,2021,T,51.37309777108434,-0.4394809397590361
730,2.437392581481829,51,2015,D,51.40145998901099,-0.3464605714285714
732,-0.16800000000000004,51,2016,D,51.40145998901099,-0.3464605714285714
734,1.0299727520435966,51,2017,D,51.40145998901099,-0.3464605714285714
736,1.6530612244897958,51,2018,D,51.40145998901099,-0.3464605714285714
738,-0.453125,51,2019,D,51.40145998901099,-0.3464605714285714
740,0.09090909090909083,51,2020,D,51.40145998901099,-0.3464605714285714
742,1.0384615384615383,51,2021,D,51.40145998901099,-0.3464605714285714
731,0.7549019607843137,51,2015,F,51.40145998901099,-0.3464605714285714
733,0.4278260869565218,51,2016,F,51.40145998901099,-0.3464605714285714
735,0.9860465116279069,51,2017,F,51.40145998901099,-0.3464605714285714
737,1.2818791946308723,51,2018,F,51.40145998901099,-0.3464605714285714
739,0.8203883495145632,51,2019,F,51.40145998901099,-0.3464605714285714
741,-0.1955307262569832,51,2020,F,51.40145998901099,-0.3464605714285714
743,-0.03410475030450666,51,2021,F,51.40145998901099,-0.3464605714285714
754,0.8279569892473118,52,2015,S,51.36635228431373,-0.39929525490196077
756,-0.5862068965517242,52,2016,S,51.36635228431373,-0.39929525490196077
758,-4.076923076923077,52,2017,S,51.36635228431373,-0.39929525490196077
760,3.7142857142857144,52,2018,S,51.36635228431373,-0.39929525490196077
762,0.17241379310344818,52,2019,S,51.36635228431373,-0.39929525490196077
764,-0.16470588235294115,52,2020,S,51.36635228431373,-0.39929525490196077
766,3.0,52,2021,S,51.36635228431373,-0.39929525490196077
755,0.29427792915531326,52,2015,T,51.36635228431373,-0.39929525490196077
757,1.129221732745962,52,2016,T,51.36635228431373,-0.39929525490196077
759,1.3030303030303032,52,2017,T,51.36635228431373,-0.39929525490196077
761,-0.5448,52,2018,T,51.36635228431373,-0.39929525490196077
763,0.5731203979056023,52,2019,T,51.36635228431373,-0.39929525490196077
765,-0.024561403508771895,52,2020,T,51.36635228431373,-0.39929525490196077
767,0.3517241379310345,52,2021,T,51.36635228431373,-0.39929525490196077
773,-0.06604669322850576,53,2015,D,51.3323445,-0.3583524107142857
774,-0.31970144612035456,53,2016,D,51.3323445,-0.3583524107142857
775,1.305327868852459,53,2017,D,51.3323445,-0.3583524107142857
776,-0.41258700180909214,53,2018,D,51.3323445,-0.3583524107142857
777,0.36709293383839814,53,2019,D,51.3323445,-0.3583524107142857
778,-0.16864608076009502,53,2020,D,51.3323445,-0.3583524107142857
779,0.20285714285714285,53,2021,D,51.3323445,-0.3583524107142857
790,0.13840302145554872,54,2015,F,51.365251066666666,-0.4599605333333333
792,0.7951219512195122,54,2016,F,51.365251066666666,-0.4599605333333333
794,-0.08645161290322578,54,2017,F,51.365251066666666,-0.4599605333333333
796,-0.1351351351351351,54,2018,F,51.365251066666666,-0.4599605333333333
798,-0.5853658536585367,54,2019,F,51.365251066666666,-0.4599605333333333
800,0.6274509803921569,54,2020,F,51.365251066666666,-0.4599605333333333
802,-0.3913043478260869,54,2021,F,51.365251066666666,-0.4599605333333333
791,1.3738130934532733,54,2015,T,51.365251066666666,-0.4599605333333333
793,0.5230408747721946,54,2016,T,51.365251066666666,-0.4599605333333333
795,-0.015270935960591148,54,2017,T,51.365251066666666,-0.4599605333333333
797,-0.12521739130434784,54,2018,T,51.365251066666666,-0.4599605333333333
799,-0.8033426966292134,54,2019,T,51.365251066666666,-0.4599605333333333
801,-0.5157894736842106,54,2020,T,51.365251066666666,-0.4599605333333333
803,-0.19145299145299144,54,2021,T,51.365251066666666,-0.4599605333333333
809,0.22345685219635647,57,2015,D,51.36253063414634,-0.36109936585365854
810,-0.24117647058823533,57,2016,D,51.36253063414634,-0.36109936585365854
811,-0.33241758241758246,57,2017,D,51.36253063414634,-0.36109936585365854
812,0.1436950146627567,57,2018,D,51.36253063414634,-0.36109936585365854
813,0.35238095238095246,57,2019,D,51.36253063414634,-0.36109936585365854
814,-0.23287671232876717,57,2020,D,51.36253063414634,-0.36109936585365854
815,1.0697674418604652,57,2021,D,51.36253063414634,-0.36109936585365854
826,2.60926221055592,58,2015,D,51.386052802631575,-0.34646278947368425
828,1.4883720930232558,58,2016,D,51.386052802631575,-0.34646278947368425
830,0.2707651006711409,58,2017,D,51.386052802631575,-0.34646278947368425
832,0.4642857142857142,58,2018,D,51.386052802631575,-0.34646278947368425
834,0.00019999999999997797,58,2019,D,51.386052802631575,-0.34646278947368425
836,-0.23809523809523814,58,2020,D,51.386052802631575,-0.34646278947368425
838,-0.07009345794392519,58,2021,D,51.386052802631575,-0.34646278947368425
827,0.6700201207243461,58,2015,S,51.386052802631575,-0.34646278947368425
829,0.5493934142114385,58,2016,S,51.386052802631575,-0.34646278947368425
831,0.10843373493975905,58,2017,S,51.386052802631575,-0.34646278947368425
833,0.7697345132743363,58,2018,S,51.386052802631575,-0.34646278947368425
835,-0.07058823529411762,58,2019,S,51.386052802631575,-0.34646278947368425
837,-0.16746987951807224,58,2020,S,51.386052802631575,-0.34646278947368425
839,-0.017897091722595126,58,2021,S,51.386052802631575,-0.34646278947368425
850,0.08108108108108114,59,2015,F,51.407044625,-0.3690349659090909
852,0.21111111111111103,59,2016,F,51.407044625,-0.3690349659090909
854,-0.006451612903225823,59,2017,F,51.407044625,-0.3690349659090909
856,0.646341463414634,59,2018,F,51.407044625,-0.3690349659090909
858,0.037735849056603765,59,2019,F,51.407044625,-0.3690349659090909
860,0.4624999999999999,59,2020,F,51.407044625,-0.3690349659090909
862,0.11009174311926606,59,2021,F,51.407044625,-0.3690349659090909
851,2.2544378698224854,59,2015,T,51.407044625,-0.3690349659090909
853,0.11809923130677857,59,2016,T,51.407044625,-0.3690349659090909
855,-0.3571428571428571,59,2017,T,51.407044625,-0.3690349659090909
857,0.6112068965517241,59,2018,T,51.407044625,-0.3690349659090909
859,0.8096323529411764,59,2019,T,51.407044625,-0.3690349659090909
861,-0.13636363636363635,59,2020,T,51.407044625,-0.3690349659090909
863,0.875,59,2021,T,51.407044625,-0.3690349659090909
874,0.5664752085856173,60,2015,D,51.37218083720931,-0.4301230930232558
876,2.4237288135593222,60,2016,D,51.37218083720931,-0.4301230930232558
878,0.21259842519685046,60,2017,D,51.37218083720931,-0.4301230930232558
880,0.022222222222222143,60,2018,D,51.37218083720931,-0.4301230930232558
882,0.10609480812641081,60,2019,D,51.37218083720931,-0.4301230930232558
884,-0.18439716312056742,60,2020,D,51.37218083720931,-0.4301230930232558
886,0.15346534653465338,60,2021,D,51.37218083720931,-0.4301230930232558
875,0.509433962264151,60,2015,F,51.37218083720931,-0.4301230930232558
877,0.1499999999999999,60,2016,F,51.37218083720931,-0.4301230930232558
879,1.8373333333333335,60,2017,F,51.37218083720931,-0.4301230930232558
881,-0.625,60,2018,F,51.37218083720931,-0.4301230930232558
883,-0.33333333333333337,60,2019,F,51.37218083720931,-0.4301230930232558
885,-0.32291666666666663,60,2020,F,51.37218083720931,-0.4301230930232558
887,-0.20108695652173914,60,2021,F,51.37218083720931,-0.4301230930232558
903,2.919686425085993,61,2015,D,51.37594242666667,-0.34056248
906,0.34375,61,2016,D,51.37594242666667,-0.34056248
909,0.6923076923076923,61,2017,D,51.37594242666667,-0.34056248
912,1.3246153846153845,61,2018,D,51.37594242666667,-0.34056248
915,0.43011428571428567,61,2019,D,51.37594242666667,-0.34056248
918,0.4285714285714286,61,2020,D,51.37594242666667,-0.34056248
921,-0.08488372093023255,61,2021,D,51.37594242666667,-0.34056248
904,0.16666666666666674,61,2015,F,51.37594242666667,-0.34056248
907,0.6428571428571428,61,2016,F,51.37594242666667,-0.34056248
910,-0.3490909090909091,61,2017,F,51.37594242666667,-0.34056248
913,-0.5800000000000001,61,2018,F,51.37594242666667,-0.34056248
916,-0.5454545454545454,61,2019,F,51.37594242666667,-0.34056248
919,-0.5714285714285714,61,2020,F,51.37594242666667,-0.34056248
922,-0.3586956521739131,61,2021,F,51.37594242666667,-0.34056248
905,0.38783269961977185,61,2015,S,51.37594242666667,-0.34056248
908,0.48076923076923084,61,2016,S,51.37594242666667,-0.34056248
911,0.7892156862745099,61,2017,S,51.37594242666667,-0.34056248
914,0.29889298892988925,61,2018,S,51.37594242666667,-0.34056248
917,0.08684210526315783,61,2019,S,51.37594242666667,-0.34056248
920,0.07945205479452055,61,2020,S,51.37594242666667,-0.34056248
923,0.02207792207792214,61,2021,S,51.37594242666667,-0.34056248
934,1.2567776127660815,62,2015,D,51.366799593220335,-0.45234381355932207
936,0.6720257234726688,62,2016,D,51.366799593220335,-0.45234381355932207
938,-0.16666666666666663,62,2017,D,51.366799593220335,-0.45234381355932207
940,-0.19587628865979378,62,2018,D,51.366799593220335,-0.45234381355932207
942,1.207317073170732,62,2019,D,51.366799593220335,-0.45234381355932207
944,0.8709677419354838,62,2020,D,51.366799593220335,-0.45234381355932207
946,0.07307692307692304,62,2021,D,51.366799593220335,-0.45234381355932207
935,0.41666666666666674,62,2015,F,51.366799593220335,-0.45234381355932207
937,0.1483870967741936,62,2016,F,51.366799593220335,-0.45234381355932207
939,0.8400000000000001,62,2017,F,51.366799593220335,-0.45234381355932207
941,0.0,62,2018,F,51.366799593220335,-0.45234381355932207
943,-0.368421052631579,62,2019,F,51.366799593220335,-0.45234381355932207
945,-0.2941176470588235,62,2020,F,51.366799593220335,-0.45234381355932207
947,-0.1404494382022472,62,2021,F,51.366799593220335,-0.45234381355932207
968,-1.133328889037032,63,2015,D,51.36699270652174,-0.4063882934782609
972,-0.3044607252156172,63,2016,D,51.36699270652174,-0.4063882934782609
976,-52.0,63,2017,D,51.36699270652174,-0.4063882934782609
980,-0.6896551724137931,63,2018,D,51.36699270652174,-0.4063882934782609
984,0.7857142857142858,63,2019,D,51.36699270652174,-0.4063882934782609
988,1.0,63,2020,D,51.36699270652174,-0.4063882934782609
992,-6.708333333333333,63,2021,D,51.36699270652174,-0.4063882934782609
969,8.10909090909091,63,2015,F,51.36699270652174,-0.4063882934782609
973,-0.3448275862068966,63,2016,F,51.36699270652174,-0.4063882934782609
977,-0.8722222222222222,63,2017,F,51.36699270652174,-0.4063882934782609
981,-3.432366692792087,63,2018,F,51.36699270652174,-0.4063882934782609
985,-3.096774193548387,63,2019,F,51.36699270652174,-0.4063882934782609
989,0.437125748502994,63,2020,F,51.36699270652174,-0.4063882934782609
993,0.4736842105263157,63,2021,F,51.36699270652174,-0.4063882934782609
970,0.25156445556946183,63,2015,S,51.36699270652174,-0.4063882934782609
974,5.5,63,2016,S,51.36699270652174,-0.4063882934782609
978,-0.08750000000000002,63,2017,S,51.36699270652174,-0.4063882934782609
982,4.520833333333333,63,2018,S,51.36699270652174,-0.4063882934782609
986,3.2496426869938064,63,2019,S,51.36699270652174,-0.4063882934782609
990,0.7350000000000001,63,2020,S,51.36699270652174,-0.4063882934782609
994,0.5076923076923077,63,2021,S,51.36699270652174,-0.4063882934782609
971,349.0,63,2015,T,51.36699270652174,-0.4063882934782609
975,9.511363636363637,63,2016,T,51.36699270652174,-0.4063882934782609
979,1.0338983050847457,63,2017,T,51.36699270652174,-0.4063882934782609
983,-0.6346875000000001,63,2018,T,51.36699270652174,-0.4063882934782609
987,2.725686274509804,63,2019,T,51.36699270652174,-0.4063882934782609
991,1.5714285714285716,63,2020,T,51.36699270652174,-0.4063882934782609
995,0.29675675675675683,63,2021,T,51.36699270652174,-0.4063882934782609
1001,1.12,64,2015,F,51.38370396774194,-0.42781877419354836
1002,0.7684210526315789,64,2016,F,51.38370396774194,-0.42781877419354836
1003,0.2894078398665554,64,2017,F,51.38370396774194,-0.42781877419354836
1004,-0.40625,64,2018,F,51.38370396774194,-0.42781877419354836
1005,-0.31034482758620685,64,2019,F,51.38370396774194,-0.42781877419354836
1006,-0.8584905660377359,64,2020,F,51.38370396774194,-0.42781877419354836
1007,0.011904761904761862,64,2021,F,51.38370396774194,-0.42781877419354836
1013,0.18247743621373647,65,2015,D,51.36161937837838,-0.4251097837837838
1014,0.7183673469387755,65,2016,D,51.36161937837838,-0.4251097837837838
1015,-0.02145922746781115,65,2017,D,51.36161937837838,-0.4251097837837838
1016,-0.2324723247232472,65,2018,D,51.36161937837838,-0.4251097837837838
1017,0.12690355329949243,65,2019,D,51.36161937837838,-0.4251097837837838
1018,0.01388888888888884,65,2020,D,51.36161937837838,-0.4251097837837838
1019,-0.04513064133016631,65,2021,D,51.36161937837838,-0.4251097837837838
1035,-0.04193051002230508,67,2015,D,51.3881694691358,-0.32596602469135805
1038,1.2000000000000002,67,2016,D,51.3881694691358,-0.32596602469135805
1041,0.08333333333333326,67,2017,D,51.3881694691358,-0.32596602469135805
1044,-0.26755405310233116,67,2018,D,51.3881694691358,-0.32596602469135805
1047,0.11111111111111116,67,2019,D,51.3881694691358,-0.32596602469135805
1050,0.3140624999999999,67,2020,D,51.3881694691358,-0.32596602469135805
1053,-0.18181818181818177,67,2021,D,51.3881694691358,-0.32596602469135805
1036,0.209090909090909,67,2015,S,51.3881694691358,-0.32596602469135805
1039,1.0370822151744328,67,2016,S,51.3881694691358,-0.32596602469135805
1042,0.47024504084013996,67,2017,S,51.3881694691358,-0.32596602469135805
1045,0.346938775510204,67,2018,S,51.3881694691358,-0.32596602469135805
1048,-0.06627534685165426,67,2019,S,51.3881694691358,-0.32596602469135805
1051,0.12180451127819558,67,2020,S,51.3881694691358,-0.32596602469135805
1054,-0.2455089820359282,67,2021,S,51.3881694691358,-0.32596602469135805
1037,1.1987435750999427,67,2015,T,51.3881694691358,-0.32596602469135805
1040,0.33634154807358563,67,2016,T,51.3881694691358,-0.32596602469135805
1043,1.0621468926553672,67,2017,T,51.3881694691358,-0.32596602469135805
1046,-0.3045070422535211,67,2018,T,51.3881694691358,-0.32596602469135805
1049,0.15675739089629293,67,2019,T,51.3881694691358,-0.32596602469135805
1052,-0.3285714285714286,67,2020,T,51.3881694691358,-0.32596602469135805
1055,-0.2727272727272727,67,2021,T,51.3881694691358,-0.32596602469135805
1061,0.4635668951804026,68,2015,D,51.36316361904762,-0.4132536666666667
1062,-0.037190082644628086,68,2016,D,51.36316361904762,-0.4132536666666667
1063,0.0057377049180327155,68,2017,D,51.36316361904762,-0.4132536666666667
1064,-0.2727272727272727,68,2018,D,51.36316361904762,-0.4132536666666667
1065,-0.2816901408450704,68,2019,D,51.36316361904762,-0.4132536666666667
1066,-0.13507109004739337,68,2020,D,51.36316361904762,-0.4132536666666667
1067,0.3047210300429184,68,2021,D,51.36316361904762,-0.4132536666666667
1073,-0.9818181818181818,69,2015,F,51.379131131578944,-0.36938936842105263
1074,-0.8723932472691162,69,2016,F,51.379131131578944,-0.36938936842105263
1075,-0.9142307692307692,69,2017,F,51.379131131578944,-0.36938936842105263
1076,-0.0625,69,2018,F,51.379131131578944,-0.36938936842105263
1077,1.8039215686274508,69,2019,F,51.379131131578944,-0.36938936842105263
1078,42.0,69,2020,F,51.379131131578944,-0.36938936842105263
1079,-0.3618677042801557,69,2021,F,51.379131131578944,-0.36938936842105263
1095,0.6348469099090801,71,2015,D,51.367032574468084,-0.4454354255319149
1098,0.18210526315789477,71,2016,D,51.367032574468084,-0.4454354255319149
1101,0.55,71,2017,D,51.367032574468084,-0.4454354255319149
1104,0.36752136752136755,71,2018,D,51.367032574468084,-0.4454354255319149
1107,-0.43609022556390975,71,2019,D,51.367032574468084,-0.4454354255319149
1110,-0.11468812877263579,71,2020,D,51.367032574468084,-0.4454354255319149
1113,-0.17428964623977983,71,2021,D,51.367032574468084,-0.4454354255319149
1096,-0.5731707317073171,71,2015,F,51.367032574468084,-0.4454354255319149
1099,-0.1757979990471653,71,2016,F,51.367032574468084,-0.4454354255319149
1102,-0.2699878331305522,71,2017,F,51.367032574468084,-0.4454354255319149
1105,-0.09044972208185953,71,2018,F,51.367032574468084,-0.4454354255319149
1108,2.6956521739130435,71,2019,F,51.367032574468084,-0.4454354255319149
1111,-0.25,71,2020,F,51.367032574468084,-0.4454354255319149
1114,-0.10982658959537572,71,2021,F,51.367032574468084,-0.4454354255319149
1097,2.244182908545727,71,2015,T,51.367032574468084,-0.4454354255319149
1100,0.6742170573173134,71,2016,T,51.367032574468084,-0.4454354255319149
1103,2.0,71,2017,T,51.367032574468084,-0.4454354255319149
1106,0.343404255319149,71,2018,T,51.367032574468084,-0.4454354255319149
1109,0.7800680272108844,71,2019,T,51.367032574468084,-0.4454354255319149
1112,0.2708711706340954,71,2020,T,51.367032574468084,-0.4454354255319149
1115,0.10588235294117654,71,2021,T,51.367032574468084,-0.4454354255319149
1121,0.15979999999999994,72,2015,F,51.37166147368421,-0.4629734912280702
1122,-1.156479217603912,72,2016,F,51.37166147368421,-0.4629734912280702
1123,-1.014468085106383,72,2017,F,51.37166147368421,-0.4629734912280702
1124,0.2250000000000001,72,2018,F,51.37166147368421,-0.4629734912280702
1125,0.3291139240506329,72,2019,F,51.37166147368421,-0.4629734912280702
1126,-0.5171581307121917,72,2020,F,51.37166147368421,-0.4629734912280702
1127,-4.4375,72,2021,F,51.37166147368421,-0.4629734912280702
1148,0.9051395665591973,73,2015,D,51.39153473873874,-0.3356007297297297
1152,0.050724637681159424,73,2016,D,51.39153473873874,-0.3356007297297297
1156,0.48039215686274517,73,2017,D,51.39153473873874,-0.3356007297297297
1160,-0.00647594065087298,73,2018,D,51.39153473873874,-0.3356007297297297
1164,0.5589529181371551,73,2019,D,51.39153473873874,-0.3356007297297297
1168,-0.004524886877828038,73,2020,D,51.39153473873874,-0.3356007297297297
1172,0.2290344827586206,73,2021,D,51.39153473873874,-0.3356007297297297
1149,1.276190476190476,73,2015,F,51.39153473873874,-0.3356007297297297
1153,1.906862745098039,73,2016,F,51.39153473873874,-0.3356007297297297
1157,0.8883333333333334,73,2017,F,51.39153473873874,-0.3356007297297297
1161,0.935483870967742,73,2018,F,51.39153473873874,-0.3356007297297297
1165,0.13888888888888884,73,2019,F,51.39153473873874,-0.3356007297297297
1169,0.004184100418409997,73,2020,F,51.39153473873874,-0.3356007297297297
1173,-0.2799325463743676,73,2021,F,51.39153473873874,-0.3356007297297297
1150,0.9114219114219113,73,2015,S,51.39153473873874,-0.3356007297297297
1154,0.8285714285714285,73,2016,S,51.39153473873874,-0.3356007297297297
1158,0.36283185840707954,73,2017,S,51.39153473873874,-0.3356007297297297
1162,0.3975903614457832,73,2018,S,51.39153473873874,-0.3356007297297297
1166,-0.3147699757869249,73,2019,S,51.39153473873874,-0.3356007297297297
1170,-0.1634146341463415,73,2020,S,51.39153473873874,-0.3356007297297297
1174,0.01822916666666674,73,2021,S,51.39153473873874,-0.3356007297297297
1151,1.6756897449245183,73,2015,T,51.39153473873874,-0.3356007297297297
1155,0.6741629185407296,73,2016,T,51.39153473873874,-0.3356007297297297
1159,0.203125,73,2017,T,51.39153473873874,-0.3356007297297297
1163,0.02964912280701748,73,2018,T,51.39153473873874,-0.3356007297297297
1167,0.6363660164943055,73,2019,T,51.39153473873874,-0.3356007297297297
1171,0.17509727626459148,73,2020,T,51.39153473873874,-0.3356007297297297
1175,0.34328358208955234,73,2021,T,51.39153473873874,-0.3356007297297297
1181,0.2790532422061731,75,2015,D,51.36752443478261,-0.37814652173913044
1182,-0.08620689655172409,75,2016,D,51.36752443478261,-0.37814652173913044
1183,0.13991769547325106,75,2017,D,51.36752443478261,-0.37814652173913044
1184,-0.1594202898550725,75,2018,D,51.36752443478261,-0.37814652173913044
1185,0.7333333333333334,75,2019,D,51.36752443478261,-0.37814652173913044
1186,0.31313131313131315,75,2020,D,51.36752443478261,-0.37814652173913044
1187,-0.26792452830188684,75,2021,D,51.36752443478261,-0.37814652173913044
1203,-0.5555555555555556,78,2015,F,51.333425828125,-0.41830303125
1206,-1.2428571428571429,78,2016,F,51.333425828125,-0.41830303125
1209,-0.49008695652173917,78,2017,F,51.333425828125,-0.41830303125
1212,-2.666666666666667,78,2018,F,51.333425828125,-0.41830303125
1215,135.66666666666666,78,2019,F,51.333425828125,-0.41830303125
1218,-2.6875,78,2020,F,51.333425828125,-0.41830303125
1221,-3.7058823529411766,78,2021,F,51.333425828125,-0.41830303125
1204,-0.908256880733945,78,2015,S,51.333425828125,-0.41830303125
1207,0.02941176470588225,78,2016,S,51.333425828125,-0.41830303125
1210,-2.12,78,2017,S,51.333425828125,-0.41830303125
1213,-0.5714285714285714,78,2018,S,51.333425828125,-0.41830303125
1216,-0.12328767123287676,78,2019,S,51.333425828125,-0.41830303125
1219,11.0,78,2020,S,51.333425828125,-0.41830303125
1222,-1.8285714285714287,78,2021,S,51.333425828125,-0.41830303125
1205,699.0,78,2015,T,51.333425828125,-0.41830303125
1208,-15.465408805031446,78,2016,T,51.333425828125,-0.41830303125
1211,inf,78,2017,T,51.333425828125,-0.41830303125
1214,0.018999999999999906,78,2018,T,51.333425828125,-0.41830303125
1217,2.2601971190295678,78,2019,T,51.333425828125,-0.41830303125
1220,0.19999999999999996,78,2020,T,51.333425828125,-0.41830303125
1223,-0.4521739130434783,78,2021,T,51.333425828125,-0.41830303125
1234,1.9998800047998082,79,2015,D,51.3302021025641,-0.36963333333333337
1236,0.38888888888888884,79,2016,D,51.3302021025641,-0.36963333333333337
1238,0.872093023255814,79,2017,D,51.3302021025641,-0.36963333333333337
1240,1.893617021276596,79,2018,D,51.3302021025641,-0.36963333333333337
1242,0.7431192660550459,79,2019,D,51.3302021025641,-0.36963333333333337
1244,0.15333333333333332,79,2020,D,51.3302021025641,-0.36963333333333337
1246,0.19999999999999996,79,2021,D,51.3302021025641,-0.36963333333333337
1235,2.3333333333333335,79,2015,S,51.3302021025641,-0.36963333333333337
1237,0.6666666666666667,79,2016,S,51.3302021025641,-0.36963333333333337
1239,0.26126126126126126,79,2017,S,51.3302021025641,-0.36963333333333337
1241,-0.5800000000000001,79,2018,S,51.3302021025641,-0.36963333333333337
1243,2.1631205673758864,79,2019,S,51.3302021025641,-0.36963333333333337
1245,1.7799999999999998,79,2020,S,51.3302021025641,-0.36963333333333337
1247,0.3999999999999999,79,2021,S,51.3302021025641,-0.36963333333333337
1253,-0.26298980469229827,80,2015,T,51.37791144444444,-0.45680615555555554
1254,0.6591560835723065,80,2016,T,51.37791144444444,-0.45680615555555554
1255,-0.13357400722021662,80,2017,T,51.37791144444444,-0.45680615555555554
1256,0.40199203187250987,80,2018,T,51.37791144444444,-0.45680615555555554
1257,0.51404984423676,80,2019,T,51.37791144444444,-0.45680615555555554
1258,-0.09499999999999997,80,2020,T,51.37791144444444,-0.45680615555555554
1259,-0.2592592592592593,80,2021,T,51.37791144444444,-0.45680615555555554
1270,0.8499630007399852,81,2015,D,51.382270440677964,-0.35649867796610174
1272,0.3614457831325302,81,2016,D,51.382270440677964,-0.35649867796610174
1274,0.28025477707006363,81,2017,D,51.382270440677964,-0.35649867796610174
1276,-0.35757575757575755,81,2018,D,51.382270440677964,-0.35649867796610174
1278,0.4389534883720929,81,2019,D,51.382270440677964,-0.35649867796610174
1280,-0.5243243243243243,81,2020,D,51.382270440677964,-0.35649867796610174
1282,0.07300884955752207,81,2021,D,51.382270440677964,-0.35649867796610174
1271,25.733333333333334,81,2015,S,51.382270440677964,-0.35649867796610174
1273,0.6535714285714285,81,2016,S,51.382270440677964,-0.35649867796610174
1275,1.2222222222222223,81,2017,S,51.382270440677964,-0.35649867796610174
1277,0.06666666666666665,81,2018,S,51.382270440677964,-0.35649867796610174
1279,0.10518518518518527,81,2019,S,51.382270440677964,-0.35649867796610174
1281,0.1571072319201996,81,2020,S,51.382270440677964,-0.35649867796610174
1283,-0.3088552915766739,81,2021,S,51.382270440677964,-0.35649867796610174
1289,0.04031419101458855,82,2015,D,51.323530875,-0.39676845833333335
1290,0.0014224751066855834,82,2016,D,51.323530875,-0.39676845833333335
1291,-0.1282894736842105,82,2017,D,51.323530875,-0.39676845833333335
1292,0.0370919881305638,82,2018,D,51.323530875,-0.39676845833333335
1293,-0.569327731092437,82,2019,D,51.323530875,-0.39676845833333335
1294,0.5503875968992249,82,2020,D,51.323530875,-0.39676845833333335
1295,-0.0926136363636364,82,2021,D,51.323530875,-0.39676845833333335
1311,0.5853658536585367,84,2015,F,51.388496236363636,-0.3190816909090909
1314,-0.19268292682926824,84,2016,F,51.388496236363636,-0.3190816909090909
1317,0.85375,84,2017,F,51.388496236363636,-0.3190816909090909
1320,0.524390243902439,84,2018,F,51.388496236363636,-0.3190816909090909
1323,-0.6802120141342756,84,2019,F,51.388496236363636,-0.3190816909090909
1326,-0.5576923076923077,84,2020,F,51.388496236363636,-0.3190816909090909
1329,-0.24471299093655585,84,2021,F,51.388496236363636,-0.3190816909090909
1312,-0.33653846153846156,84,2015,S,51.388496236363636,-0.3190816909090909
1315,10.166666666666666,84,2016,S,51.388496236363636,-0.3190816909090909
1318,-0.29130434782608694,84,2017,S,51.388496236363636,-0.3190816909090909
1321,2.1653846153846152,84,2018,S,51.388496236363636,-0.3190816909090909
1324,0.1840796019900497,84,2019,S,51.388496236363636,-0.3190816909090909
1327,-0.21304347826086956,84,2020,S,51.388496236363636,-0.3190816909090909
1330,0.23134328358208944,84,2021,S,51.388496236363636,-0.3190816909090909
1313,0.4528979846898922,84,2015,T,51.388496236363636,-0.3190816909090909
1316,0.49989726731045825,84,2016,T,51.388496236363636,-0.3190816909090909
1319,-0.0984126984126984,84,2017,T,51.388496236363636,-0.3190816909090909
1322,-0.16538922155688618,84,2018,T,51.388496236363636,-0.3190816909090909
1325,0.12807694591224839,84,2019,T,51.388496236363636,-0.3190816909090909
1328,-0.08602150537634412,84,2020,T,51.388496236363636,-0.3190816909090909
1331,0.0182648401826484,84,2021,T,51.388496236363636,-0.3190816909090909
1337,3.144466492711051,87,2015,D,51.32909734285714,-0.4011122285714286
1338,-0.12977819726285988,87,2016,D,51.32909734285714,-0.4011122285714286
1339,-0.06896551724137934,87,2017,D,51.32909734285714,-0.4011122285714286
1340,-0.7148148148148148,87,2018,D,51.32909734285714,-0.4011122285714286
1341,-0.17647058823529416,87,2019,D,51.32909734285714,-0.4011122285714286
1342,-0.6983977379830348,87,2020,D,51.32909734285714,-0.4011122285714286
1343,0.702819956616052,87,2021,D,51.32909734285714,-0.4011122285714286
1354,-22.254428005834548,88,2015,D,51.357308878787876,-0.3398143787878788
1356,-0.11499999999999999,88,2016,D,51.357308878787876,-0.3398143787878788
1358,-0.1473214285714286,88,2017,D,51.357308878787876,-0.3398143787878788
1360,-0.29811866859623737,88,2018,D,51.357308878787876,-0.3398143787878788
1362,0.607843137254902,88,2019,D,51.357308878787876,-0.3398143787878788
1364,-0.22549019607843135,88,2020,D,51.357308878787876,-0.3398143787878788
1366,1.5310734463276838,88,2021,D,51.357308878787876,-0.3398143787878788
1355,4.522388059701493,88,2015,S,51.357308878787876,-0.3398143787878788
1357,-0.03536585365853662,88,2016,S,51.357308878787876,-0.3398143787878788
1359,0.7536231884057971,88,2017,S,51.357308878787876,-0.3398143787878788
1361,-0.12037037037037035,88,2018,S,51.357308878787876,-0.3398143787878788
1363,0.6701754385964913,88,2019,S,51.357308878787876,-0.3398143787878788
1365,-0.6945945945945946,88,2020,S,51.357308878787876,-0.3398143787878788
1367,0.036662452591656125,88,2021,S,51.357308878787876,-0.3398143787878788
1373,0.6916525695619202,91,2015,D,51.332985962264154,-0.3874623018867924
1374,0.55,91,2016,D,51.332985962264154,-0.3874623018867924
1375,-0.2538167938931297,91,2017,D,51.332985962264154,-0.3874623018867924
1376,-0.032465208747514906,91,2018,D,51.332985962264154,-0.3874623018867924
1377,0.3615023474178405,91,2019,D,51.332985962264154,-0.3874623018867924
1378,0.40394088669950734,91,2020,D,51.332985962264154,-0.3874623018867924
1379,-0.13988269794721409,91,2021,D,51.332985962264154,-0.3874623018867924
1385,0.5634771732332708,93,2015,S,51.386529872340425,-0.4105697872340425
1386,1.728512960436562,93,2016,S,51.386529872340425,-0.4105697872340425
1387,3.5,93,2017,S,51.386529872340425,-0.4105697872340425
1388,-0.014925373134328401,93,2018,S,51.386529872340425,-0.4105697872340425
1389,0.16315789473684217,93,2019,S,51.386529872340425,-0.4105697872340425
1390,0.504,93,2020,S,51.386529872340425,-0.4105697872340425
1391,-0.09999999999999998,93,2021,S,51.386529872340425,-0.4105697872340425
1397,-0.2419021364576155,95,2015,T,51.40789935714286,-0.3632761904761905
1398,0.540913921360255,95,2016,T,51.40789935714286,-0.3632761904761905
1399,-0.036111111111111094,95,2017,T,51.40789935714286,-0.3632761904761905
1400,0.6408333333333334,95,2018,T,51.40789935714286,-0.3632761904761905
1401,0.48808000000000007,95,2019,T,51.40789935714286,-0.3632761904761905
1402,0.4545454545454546,95,2020,T,51.40789935714286,-0.3632761904761905
1403,1.1379310344827585,95,2021,T,51.40789935714286,-0.3632761904761905
1409,0.9166666666666667,96,2015,F,51.38344771153846,-0.33422386538461535
1410,0.4775280898876404,96,2016,F,51.38344771153846,-0.33422386538461535
1411,0.01333333333333342,96,2017,F,51.38344771153846,-0.33422386538461535
1412,-0.4782608695652174,96,2018,F,51.38344771153846,-0.33422386538461535
1413,-0.31547619047619047,96,2019,F,51.38344771153846,-0.33422386538461535
1414,-0.27391304347826084,96,2020,F,51.38344771153846,-0.33422386538461535
1415,-0.21673003802281365,96,2021,F,51.38344771153846,-0.33422386538461535
1421,1.2230055898878427,98,2015,D,51.33953342857143,-0.39491045714285716
1422,0.11403508771929816,98,2016,D,51.33953342857143,-0.39491045714285716
1423,-0.4462328767123288,98,2017,D,51.33953342857143,-0.39491045714285716
1424,-0.14912280701754388,98,2018,D,51.33953342857143,-0.39491045714285716
1425,0.1730205278592376,98,2019,D,51.33953342857143,-0.39491045714285716
1426,-0.43042071197411,98,2020,D,51.33953342857143,-0.39491045714285716
1427,0.5853018372703411,98,2021,D,51.33953342857143,-0.39491045714285716
