,3y_ret,3y_ret_ward,Price,Year,Type,Ward
48,0.23166101297451602,0.30714285714285716,915000.0,2013,D,Claygate
64,0.146685340802988,0.35620915032679745,1037500.0,2014,D,Claygate
80,-0.04676577986437147,0.16619718309859155,1035000.0,2015,D,Claygate
96,-0.08815070463042862,0.13114754098360648,1035000.0,2016,D,Claygate
112,0.018831230433545176,0.15662650602409633,1200000.0,2017,D,Claygate
128,-0.17208762031198133,-0.06521739130434778,967500.0,2018,D,Claygate
144,-0.1569526987105967,-0.1497584541062802,880000.0,2019,D,Claygate
160,-0.13910395040369083,-0.1010416666666667,1078750.0,2020,D,Claygate
176,0.07313552526062561,0.16279069767441867,1125000.0,2021,D,Claygate
240,0.2894736842105263,0.3421052631578947,382500.0,2013,F,Claygate
256,-0.29256756756756763,-0.11959459459459465,325750.0,2014,F,Claygate
272,-0.22439361957118442,0.0650800646393419,362500.0,2015,F,Claygate
288,-0.3746078431372549,-0.019607843137254943,375000.0,2016,F,Claygate
304,-0.2430442332653111,0.043591711435149616,339950.0,2017,F,Claygate
320,0.21548205489092198,0.33793103448275863,485000.0,2018,F,Claygate
336,0.23035670356703553,0.22666666666666657,460000.0,2019,F,Claygate
352,0.19488686815986345,0.1619355787615826,395000.0,2020,F,Claygate
368,-0.27156513589503284,-0.2824742268041237,348000.0,2021,F,Claygate
432,0.07161803713527859,0.1923076923076923,542500.0,2013,S,Claygate
448,-0.13924891990694577,0.0980392156862746,560000.0,2014,S,Claygate
464,0.26410598551277165,0.5755813953488371,677500.0,2015,S,Claygate
480,-0.07671038638780558,0.2617511520737328,684500.0,2016,S,Claygate
496,0.04198263209393338,0.2611607142857142,706250.0,2017,S,Claygate
512,-0.18035055350553508,-0.05535055350553508,640000.0,2018,S,Claygate
528,0.052524285702291174,0.057121986851716544,723600.0,2019,S,Claygate
544,-0.05413145073083425,-0.015929203539822967,695000.0,2020,S,Claygate
560,0.055034722222222276,0.1328125,725000.0,2021,S,Claygate
624,-0.11409308210450109,-0.03387703889585947,385000.0,2013,T,Claygate
640,0.09031975171405593,0.31856540084388185,500000.0,2014,T,Claygate
656,0.1648484848484848,0.48484848484848486,490000.0,2015,T,Claygate
672,-0.1663059163059164,0.19480519480519476,460000.0,2016,T,Claygate
688,-0.27349837133550503,-0.052000000000000046,474000.0,2017,T,Claygate
704,0.0017965367965366852,0.1428571428571428,560000.0,2018,T,Claygate
720,0.131779355220349,0.15217391304347827,530000.0,2019,T,Claygate
736,0.32075949367088596,0.360759493670886,645000.0,2020,T,Claygate
752,-0.017633069028965886,0.044642857142857206,585000.0,2021,T,Claygate
49,0.15681629247762152,0.23229813664596266,992000.0,2013,D,Cobham and Downside
65,0.0686716791979951,0.27819548872180455,1275000.0,2014,D,Cobham and Downside
81,0.2803703703703704,0.4933333333333334,1344000.0,2015,D,Cobham and Downside
97,-0.03305832625919636,0.18623991935483875,1176750.0,2016,D,Cobham and Downside
113,-0.10250115794349224,0.03529411764705892,1320000.0,2017,D,Cobham and Downside
129,-0.24005475281715738,-0.13318452380952384,1165000.0,2018,D,Cobham and Downside
145,-0.05966928178298658,-0.05247503717867008,1115000.0,2019,D,Cobham and Downside
161,-0.18578955646429685,-0.1477272727272727,1125000.0,2020,D,Cobham and Downside
177,-0.07677963593310633,0.012875536480686733,1180000.0,2021,D,Cobham and Downside
241,-0.2740601503759398,-0.22142857142857142,218000.0,2013,F,Cobham and Downside
257,-0.13041978148361122,0.042553191489361764,245000.0,2014,F,Cobham and Downside
273,-0.15903890160183076,0.13043478260869557,357500.0,2015,F,Cobham and Downside
289,-0.08435779816513755,0.27064220183486243,277000.0,2016,F,Cobham and Downside
305,0.04601711652402907,0.3326530612244898,326500.0,2017,F,Cobham and Downside
321,-0.29727415441701144,-0.1748251748251748,295000.0,2018,F,Cobham and Downside
337,0.7184914809436902,0.7148014440433212,475000.0,2019,F,Cobham and Downside
353,0.3040079509603022,0.27105666156202135,415000.0,2020,F,Cobham and Downside
369,0.08718027734976885,0.07627118644067798,317500.0,2021,F,Cobham and Downside
433,0.15264367816091973,0.27333333333333343,477500.0,2013,S,Cobham and Downside
449,0.10417527904092605,0.3414634146341464,495000.0,2014,S,Cobham and Downside
465,-0.1292531876138432,0.18222222222222229,532000.0,2015,S,Cobham and Downside
481,-0.21804269029399914,0.12041884816753923,535000.0,2016,S,Cobham and Downside
497,0.015165352151653488,0.2343434343434343,611000.0,2017,S,Cobham and Downside
513,-0.119360902255639,0.005639097744360999,535000.0,2018,S,Cobham and Downside
529,0.03428080352347185,0.03887850467289722,555800.0,2019,S,Cobham and Downside
545,-0.12985527501425187,-0.09165302782324058,555000.0,2020,S,Cobham and Downside
561,0.10913811007268959,0.1869158878504673,635000.0,2021,S,Cobham and Downside
625,0.14705668406408567,0.2272727272727273,405000.0,2013,T,Cobham and Downside
641,0.04011372587017403,0.26835937499999996,405875.0,2014,T,Cobham and Downside
657,0.17230769230769227,0.49230769230769234,485000.0,2015,T,Cobham and Downside
673,-0.2450617283950618,0.11604938271604937,452000.0,2016,T,Cobham and Downside
689,0.2789635935551633,0.5004619648906683,609000.0,2017,T,Cobham and Downside
705,-0.15136988441112154,-0.010309278350515427,480000.0,2018,T,Cobham and Downside
721,-0.0026954427788814517,0.017699115044247815,460000.0,2019,T,Cobham and Downside
737,-0.317504105090312,-0.277504105090312,440000.0,2020,T,Cobham and Downside
753,-0.07269259283848972,-0.01041666666666663,475000.0,2021,T,Cobham and Downside
50,-0.0005296453155687608,0.07495219885277238,1405500.0,2013,D,Esher
66,0.060055745298944085,0.26957955482275353,1540000.0,2014,D,Esher
82,-0.06026277674322378,0.15270018621973924,1547500.0,2015,D,Esher
98,-0.14583684397760677,0.07346140163642834,1508750.0,2016,D,Esher
114,-0.0769186522139278,0.06087662337662336,1633750.0,2017,D,Esher
130,-0.008324187004402628,0.09854604200323092,1700000.0,2018,D,Esher
146,0.08311230054895602,0.09030654515327252,1645000.0,2019,D,Esher
162,-0.06790161043939602,-0.029839326702371882,1585000.0,2020,D,Esher
178,-0.1278904665314401,-0.038235294117647034,1635000.0,2021,D,Esher
242,0.5307017543859649,0.5833333333333333,427500.0,2013,F,Esher
258,0.23902702702702694,0.4119999999999999,353000.0,2014,F,Esher
274,-0.07247368421052625,0.21700000000000008,304250.0,2015,F,Esher
290,-0.5451169590643274,-0.19011695906432746,346225.0,2016,F,Esher
306,-0.40844897586193385,-0.12181303116147313,310000.0,2017,F,Esher
322,0.1100900508107927,0.23253903040262935,375000.0,2018,F,Esher
338,-0.1760341309095812,-0.17972416780995015,284000.0,2019,F,Esher
354,0.4926287087531196,0.45967741935483875,452500.0,2020,F,Esher
370,-0.08775757575757581,-0.09866666666666668,338000.0,2021,F,Esher
434,0.035154500671742195,0.1558441558441559,356000.0,2013,S,Esher
450,-0.16505921993056982,0.07222891566265055,444975.0,2014,S,Esher
466,0.042370744010088446,0.3538461538461539,418000.0,2015,S,Esher
482,0.5154710458081246,0.853932584269663,660000.0,2016,S,Esher
498,-0.10675603600941108,0.11242204618236973,495000.0,2017,S,Esher
514,0.04246411483253598,0.16746411483253598,488000.0,2018,S,Esher
530,-0.265203761755486,-0.2606060606060606,488000.0,2019,S,Esher
546,-0.024565883554647616,0.013636363636363669,501750.0,2020,S,Esher
562,0.05695582877959926,0.13473360655737698,553750.0,2021,S,Esher
626,0.4197839567913584,0.5,487500.0,2013,T,Esher
642,-0.26592680855011575,-0.03768115942028982,415000.0,2014,T,Esher
658,0.0753488372093023,0.39534883720930236,450000.0,2015,T,Esher
674,-0.35598290598290605,0.00512820512820511,490000.0,2016,T,Esher
690,0.10380283348377217,0.32530120481927716,550000.0,2017,T,Esher
706,-0.11883838383838397,0.022222222222222143,460000.0,2018,T,Esher
722,-0.06019047619047624,-0.03979591836734697,470500.0,2019,T,Esher
738,-0.20818181818181825,-0.1681818181818182,457500.0,2020,T,Esher
754,0.13337624774122037,0.19565217391304346,550000.0,2021,T,Esher
51,-0.13635140938573242,-0.060869565217391286,540000.0,2013,D,Hersham Village
67,0.053102453102453095,0.26262626262626254,625000.0,2014,D,Hersham Village
83,-0.023824386183936896,0.18913857677902612,635000.0,2015,D,Hersham Village
99,0.030701754385964897,0.25,675000.0,2016,D,Hersham Village
115,0.1762047244094489,0.31400000000000006,821250.0,2017,D,Hersham Village
131,0.026988038708901874,0.13385826771653542,720000.0,2018,D,Hersham Village
147,-0.009416466826538739,-0.0022222222222222365,673500.0,2019,D,Hersham Village
163,-0.1917913552743149,-0.15372907153729076,695000.0,2020,D,Hersham Village
179,0.10478927203065136,0.19444444444444442,860000.0,2021,D,Hersham Village
243,0.05520625889046937,0.10783783783783774,204950.0,2013,F,Hersham Village
259,0.27397236464760577,0.44694533762057875,225000.0,2014,F,Hersham Village
275,-0.18947368421052624,0.10000000000000009,220000.0,2015,F,Hersham Village
291,0.08925469626738236,0.44425469626738234,296000.0,2016,F,Hersham Village
307,-0.08219150025601629,0.20444444444444443,271000.0,2017,F,Hersham Village
323,0.2639146567717998,0.38636363636363646,305000.0,2018,F,Hersham Village
339,0.0847711179814501,0.08108108108108114,320000.0,2019,F,Hersham Village
355,0.3133940938263251,0.28044280442804426,347000.0,2020,F,Hersham Village
371,-0.12023845007451572,-0.1311475409836066,265000.0,2021,F,Hersham Village
435,-0.022121581833524306,0.0985680733388894,362500.0,2013,S,Hersham Village
451,0.05600839437523386,0.29329652996845423,409975.0,2014,S,Hersham Village
467,0.09477459016393452,0.40625,450000.0,2015,S,Hersham Village
483,0.01877984084880646,0.35724137931034483,492000.0,2016,S,Hersham Village
499,-0.020934286838405702,0.1982437953533751,491250.0,2017,S,Hersham Village
515,0.07499999999999996,0.19999999999999996,540000.0,2018,S,Hersham Village
531,0.16410148584244455,0.16869918699186992,575000.0,2019,S,Hersham Village
547,0.13228121336878518,0.17048346055979646,575000.0,2020,S,Hersham Village
563,-0.017592592592592604,0.06018518518518512,572500.0,2021,S,Hersham Village
627,0.26443476778387875,0.3446508109925204,400000.0,2013,T,Hersham Village
643,0.10211149372731687,0.3303571428571428,372500.0,2014,T,Hersham Village
659,-0.10809523809523824,0.21190476190476182,381750.0,2015,T,Hersham Village
675,-0.26111111111111107,0.10000000000000009,440000.0,2016,T,Hersham Village
691,-0.06445139146973311,0.15704697986577187,431000.0,2017,T,Hersham Village
707,0.02462374233494069,0.1656843483955468,445000.0,2018,T,Hersham Village
723,0.0773327149041434,0.09772727272727266,483000.0,2019,T,Hersham Village
739,0.09109048723897906,0.1310904872389791,487500.0,2020,T,Hersham Village
755,0.061319579446154515,0.12359550561797761,500000.0,2021,T,Hersham Village
52,0.17848640979991282,0.25396825396825395,790000.0,2013,D,Hinchley Wood and Weston Green
68,0.0033681765389084184,0.21289198606271786,870250.0,2014,D,Hinchley Wood and Weston Green
84,0.020370370370370372,0.2333333333333334,962000.0,2015,D,Hinchley Wood and Weston Green
100,0.04177770375305356,0.26107594936708867,996250.0,2016,D,Hinchley Wood and Weston Green
116,0.06588182868982795,0.2036771042803791,1047500.0,2017,D,Hinchley Wood and Weston Green
132,-0.12973925187665636,-0.022869022869022815,940000.0,2018,D,Hinchley Wood and Weston Green
148,0.0643239486202758,0.0715181932245923,1067500.0,2019,D,Hinchley Wood and Weston Green
164,0.00012387378087552747,0.038186157517899666,1087500.0,2020,D,Hinchley Wood and Weston Green
180,0.11779163609684518,0.20744680851063824,1135000.0,2021,D,Hinchley Wood and Weston Green
244,0.036811715529154077,0.08944329447652244,250000.0,2013,F,Hinchley Wood and Weston Green
260,0.4657239668098503,0.6386969397828233,249000.0,2014,F,Hinchley Wood and Weston Green
276,0.02685284640171859,0.3163265306122449,322500.0,2015,F,Hinchley Wood and Weston Green
292,0.0050000000000001155,0.3600000000000001,340000.0,2016,F,Hinchley Wood and Weston Green
308,-0.041656025021745924,0.2449799196787148,310000.0,2017,F,Hinchley Wood and Weston Green
324,-0.14570479354532506,-0.023255813953488413,315000.0,2018,F,Hinchley Wood and Weston Green
340,-0.04483937486433698,-0.04852941176470593,323500.0,2019,F,Hinchley Wood and Weston Green
356,0.1942416119789261,0.16129032258064524,360000.0,2020,F,Hinchley Wood and Weston Green
372,0.029956709956709848,0.01904761904761898,321000.0,2021,F,Hinchley Wood and Weston Green
436,0.12685454914978678,0.24754420432220048,635000.0,2013,S,Hinchley Wood and Weston Green
452,0.025503068412875862,0.26279120400609624,725000.0,2014,S,Hinchley Wood and Weston Green
468,0.10378488126135399,0.41526029109741946,792475.0,2015,S,Hinchley Wood and Weston Green
484,0.09736523319200496,0.43582677165354333,911750.0,2016,S,Hinchley Wood and Weston Green
500,0.0842701936702881,0.3034482758620689,945000.0,2017,S,Hinchley Wood and Weston Green
516,-0.07764834852834479,0.04735165147165521,830000.0,2018,S,Hinchley Wood and Weston Green
532,-0.08658289445899492,-0.08198519330956955,837000.0,2019,S,Hinchley Wood and Weston Green
548,-0.14931335830212245,-0.11111111111111116,840000.0,2020,S,Hinchley Wood and Weston Green
564,0.006559571619812576,0.0843373493975903,900000.0,2021,S,Hinchley Wood and Weston Green
628,-0.02922101833301971,0.05099502487562191,422500.0,2013,T,Hinchley Wood and Weston Green
644,-0.05025784425177715,0.17798780487804877,482975.0,2014,T,Hinchley Wood and Weston Green
660,0.034117647058823364,0.3541176470588234,575500.0,2015,T,Hinchley Wood and Weston Green
676,0.1655161078238001,0.5266272189349113,645000.0,2016,T,Hinchley Wood and Weston Green
692,-0.04545406262387397,0.17604430871163101,568000.0,2017,T,Hinchley Wood and Weston Green
708,-0.250530632124898,-0.1094700260642919,512500.0,2018,T,Hinchley Wood and Weston Green
724,-0.12892168960607497,-0.10852713178294571,575000.0,2019,T,Hinchley Wood and Weston Green
740,-0.001267605633802793,0.03873239436619724,590000.0,2020,T,Hinchley Wood and Weston Green
756,0.17674846407207934,0.23902439024390243,635000.0,2021,T,Hinchley Wood and Weston Green
53,0.30913354044704344,0.3846153846153846,900000.0,2013,D,Long Ditton
69,0.11130170642365766,0.3208255159474671,880000.0,2014,D,Long Ditton
85,0.10182576943140309,0.3147887323943661,933500.0,2015,D,Long Ditton
101,0.002536198830409342,0.22183444444444445,1099651.0,2016,D,Long Ditton
117,-0.029840730136005744,0.10795454545454541,975000.0,2017,D,Long Ditton
133,0.09532580741443386,0.2021960364220674,1122250.0,2018,D,Long Ditton
149,-0.05689273985417309,-0.04969849524985659,1045000.0,2019,D,Long Ditton
165,-0.014985360660101144,0.023076923076922995,997500.0,2020,D,Long Ditton
181,-0.16962844040220915,-0.07997326798841609,1032500.0,2021,D,Long Ditton
245,0.07362092606265169,0.12625250501002006,281000.0,2013,F,Long Ditton
261,-0.197972972972973,-0.025000000000000022,341250.0,2014,F,Long Ditton
277,0.012064777327935206,0.30153846153846153,338400.0,2015,F,Long Ditton
293,0.08806049822064055,0.44306049822064053,405500.0,2016,F,Long Ditton
309,-0.27564693371144977,0.01098901098901095,345000.0,2017,F,Long Ditton
325,-0.058619192357794114,0.06382978723404253,360000.0,2018,F,Long Ditton
341,-0.1270127991045632,-0.13070283600493215,352500.0,2019,F,Long Ditton
357,-0.032266101906066935,-0.06521739130434778,322500.0,2020,F,Long Ditton
373,0.10118686868686855,0.09027777777777768,392500.0,2021,F,Long Ditton
437,-0.19936460341257933,-0.07867494824016563,445000.0,2013,S,Long Ditton
453,0.19003329297820826,0.42732142857142863,599475.0,2014,S,Long Ditton
469,0.05426284158881889,0.36573825142488436,635000.0,2015,S,Long Ditton
485,0.17839239412273122,0.5168539325842696,675000.0,2016,S,Long Ditton
501,-0.13322787576115402,0.08595020643062679,651000.0,2017,S,Long Ditton
517,0.09232283464566926,0.21732283464566926,773000.0,2018,S,Long Ditton
533,0.16947637292464868,0.17407407407407405,792500.0,2019,S,Long Ditton
549,0.09083001087350495,0.12903225806451624,735000.0,2020,S,Long Ditton
565,-0.10429782952422018,-0.026520051746442452,752500.0,2021,S,Long Ditton
629,-0.102518947772957,-0.022302904564315384,471250.0,2013,T,Long Ditton
645,-0.11035526650314553,0.11789038262668039,540500.0,2014,T,Long Ditton
661,-0.16625,0.15375000000000005,599950.0,2015,T,Long Ditton
677,-0.1568670792808724,0.20424403183023876,567500.0,2016,T,Long Ditton
693,-0.08011261740396014,0.14138575393154484,616919.0,2017,T,Long Ditton
709,-0.1743133771248615,-0.03325277106425539,580000.0,2018,T,Long Ditton
725,0.11616931882885306,0.13656387665198233,645000.0,2019,T,Long Ditton
741,0.0298325063744187,0.06983250637441873,660000.0,2020,T,Long Ditton
757,0.08427579796610796,0.14655172413793105,665000.0,2021,T,Long Ditton
54,0.37764315583165886,0.453125,930000.0,2013,D,Molesey East
70,0.7312169312169312,0.9407407407407407,1310000.0,2014,D,Molesey East
86,-0.12219926869544717,0.09076369426751585,856249.5,2015,D,Molesey East
102,-0.09026598754951887,0.12903225806451624,1050000.0,2016,D,Molesey East
118,-0.42023802368215424,-0.2824427480916031,940000.0,2017,D,Molesey East
134,0.2011597318857743,0.30802996089340784,1120000.0,2018,D,Molesey East
150,0.07613908872901676,0.08333333333333326,1137500.0,2019,D,Molesey East
166,0.27842707796510346,0.3164893617021276,1237500.0,2020,D,Molesey East
182,-0.015548029556650134,0.07410714285714293,1203000.0,2021,D,Molesey East
246,0.0427289576652643,0.09536053661263266,244950.0,2013,F,Molesey East
262,0.00982272595175826,0.18279569892473124,275000.0,2014,F,Molesey East
278,0.1010025062656641,0.3904761904761904,292000.0,2015,F,Molesey East
294,-0.0037038171055316926,0.3512961828944683,331000.0,2016,F,Molesey East
310,-0.014090490155006075,0.27254545454545465,349950.0,2017,F,Molesey East
326,0.12755102040816335,0.25,365000.0,2018,F,Molesey East
342,0.05353897949855635,0.049848942598187396,347500.0,2019,F,Molesey East
358,-0.10978338698405954,-0.1427346763823404,300000.0,2020,F,Molesey East
374,0.03282689912826886,0.021917808219177992,373000.0,2021,F,Molesey East
438,0.3650458574576012,0.4857355126300149,499950.0,2013,S,Molesey East
454,0.2383775448801524,0.47566568047337277,498775.0,2014,S,Molesey East
470,-0.30105874316939873,0.01041666666666674,485000.0,2015,S,Molesey East
486,0.0016724749398018268,0.3401340134013402,670000.0,2016,S,Molesey East
502,0.05394105970586849,0.2731191418976493,635000.0,2017,S,Molesey East
518,0.20999999999999996,0.33499999999999996,647475.0,2018,S,Molesey East
534,-0.16504546234345518,-0.16044776119402981,562500.0,2019,S,Molesey East
550,-0.026391223568964062,0.011811023622047223,642500.0,2020,S,Molesey East
566,0.041956574899931764,0.11973435267770949,725000.0,2021,S,Molesey East
630,0.024701989578243655,0.10491803278688527,337000.0,2013,T,Molesey East
646,0.0972577065748721,0.325503355704698,395000.0,2014,T,Molesey East
662,-0.027620528771384212,0.29237947122861585,415500.0,2015,T,Molesey East
678,0.0038740520936366707,0.36498516320474783,460000.0,2016,T,Molesey East
694,0.019007957778419016,0.240506329113924,490000.0,2017,T,Molesey East
710,0.07434252269992347,0.21540312876052958,505000.0,2018,T,Molesey East
726,0.09917065956817517,0.11956521739130443,515000.0,2019,T,Molesey East
742,-0.05020408163265311,-0.010204081632653073,485000.0,2020,T,Molesey East
758,0.026783479768770935,0.08905940594059403,549975.0,2021,T,Molesey East
55,-0.034454446908067204,0.041027397260273935,379975.0,2013,D,Molesey West
71,0.11950844854070675,0.3290322580645162,515000.0,2014,D,Molesey West
87,0.04982624012186987,0.2627892030848329,491225.0,2015,D,Molesey West
103,0.22816540331023627,0.4474636489242714,550000.0,2016,D,Molesey West
119,0.08550569528323515,0.2233009708737863,630000.0,2017,D,Molesey West
135,0.1043873413521812,0.21125757035981474,595000.0,2018,D,Molesey West
151,0.033714846304774504,0.040909090909091006,572500.0,2019,D,Molesey West
167,-0.12139561707035751,-0.08333333333333337,577500.0,2020,D,Molesey West
183,-0.03083164300202834,0.05882352941176472,630000.0,2021,D,Molesey West
247,-0.00877192982456143,0.04385964912280693,178500.0,2013,F,Molesey West
263,-0.032622095779990534,0.14035087719298245,195000.0,2014,F,Molesey West
279,0.00025045372050813697,0.28972413793103446,233762.5,2015,F,Molesey West
295,0.006344537815126117,0.3613445378151261,243000.0,2016,F,Molesey West
311,0.054389696325180203,0.3410256410256409,261500.0,2017,F,Molesey West
327,0.0004856228358409709,0.12293460242767762,262500.0,2018,F,Molesey West
343,0.06336081879337296,0.05967078189300401,257500.0,2019,F,Molesey West
359,0.06545606951300353,0.03250478011472269,270000.0,2020,F,Molesey West
375,0.010909090909090868,0.0,262500.0,2021,F,Molesey West
439,-0.13656267104542963,-0.015873015873015928,310000.0,2013,S,Molesey West
455,0.0847457627118644,0.3220338983050848,390000.0,2014,S,Molesey West
471,0.07173069703416357,0.38320610687022905,453000.0,2015,S,Molesey West
487,0.16153846153846163,0.5,465000.0,2016,S,Molesey West
503,0.024411661397962803,0.2435897435897436,485000.0,2017,S,Molesey West
519,-0.10954746136865334,0.015452538631346657,460000.0,2018,S,Molesey West
535,0.03196143863552092,0.03655913978494629,482000.0,2019,S,Molesey West
551,-0.027892968840495858,0.010309278350515427,490000.0,2020,S,Molesey West
567,0.0635265700483092,0.14130434782608692,525000.0,2021,S,Molesey West
631,-0.03000595917502813,0.05021008403361349,249950.0,2013,T,Molesey West
647,0.04542738696359239,0.2736730360934183,299950.0,2014,T,Molesey West
663,0.1765197215777261,0.49651972157772617,322500.0,2015,T,Molesey West
679,0.10318174746060316,0.4642928585717143,366000.0,2016,T,Molesey West
695,-0.007962782070627394,0.2135355892648776,364000.0,2017,T,Molesey West
711,0.05893939393939385,0.19999999999999996,387000.0,2018,T,Molesey West
727,-0.012880896620943494,0.007513661202185773,368750.0,2019,T,Molesey West
743,-0.05785714285714294,-0.017857142857142905,357500.0,2020,T,Molesey West
759,-0.0519400088591615,0.010335917312661591,391000.0,2021,T,Molesey West
56,-0.058287274032594594,0.017194570135746545,1124000.0,2013,D,Oatlands and Burwood Park
72,0.4231292517006804,0.6326530612244898,1600000.0,2014,D,Oatlands and Burwood Park
88,-0.06078904991948475,0.15217391304347827,1325000.0,2015,D,Oatlands and Burwood Park
104,-0.06938721358556532,0.14991103202846978,1292500.0,2016,D,Oatlands and Burwood Park
120,-0.24873277559055118,-0.11093750000000002,1422500.0,2017,D,Oatlands and Burwood Park
136,-0.1144173988189543,-0.007547169811320753,1315000.0,2018,D,Oatlands and Burwood Park
152,0.10885991400303352,0.11605415860735002,1442500.0,2019,D,Oatlands and Burwood Park
168,-0.08902889182138263,-0.05096660808435849,1350000.0,2020,D,Oatlands and Burwood Park
184,0.07004064507670127,0.15969581749049433,1525000.0,2021,D,Oatlands and Burwood Park
248,-0.20220636634106526,-0.1495747873936969,255000.0,2013,F,Oatlands and Burwood Park
264,-0.13849021435228326,0.034482758620689724,300000.0,2014,F,Oatlands and Burwood Park
280,0.28014656895403056,0.5696202531645569,387500.0,2015,F,Oatlands and Burwood Park
296,0.24303921568627462,0.5980392156862746,407500.0,2016,F,Oatlands and Burwood Park
312,-0.06996927803379416,0.21666666666666656,365000.0,2017,F,Oatlands and Burwood Park
328,-0.33535220539828825,-0.2129032258064516,305000.0,2018,F,Oatlands and Burwood Park
344,-0.10060444162723836,-0.10429447852760731,365000.0,2019,F,Oatlands and Burwood Park
360,-0.07047336813596572,-0.10342465753424657,327250.0,2020,F,Oatlands and Burwood Park
376,0.3420566318926975,0.33114754098360666,406000.0,2021,F,Oatlands and Burwood Park
440,-0.3406896551724137,-0.21999999999999997,390000.0,2013,S,Oatlands and Burwood Park
456,1.1617891423767912,1.3990772779700116,1040000.0,2014,S,Oatlands and Burwood Park
472,-0.029749521511192478,0.281725888324873,631250.0,2015,S,Oatlands and Burwood Park
488,0.9243589743589744,1.2628205128205128,882500.0,2016,S,Oatlands and Burwood Park
504,-0.32013962065331925,-0.10096153846153844,935000.0,2017,S,Oatlands and Burwood Park
520,-0.06361386138613856,0.06138613861386144,670000.0,2018,S,Oatlands and Burwood Park
536,-0.18193481163101177,-0.1773371104815864,726000.0,2019,S,Oatlands and Burwood Park
552,-0.04622363756534287,-0.008021390374331583,927500.0,2020,S,Oatlands and Burwood Park
568,0.2431177446102819,0.32089552238805963,885000.0,2021,S,Oatlands and Burwood Park
632,0.1795242165316182,0.2597402597402598,485000.0,2013,T,Oatlands and Burwood Park
648,0.020359692116464823,0.24860534124629075,525975.0,2014,T,Oatlands and Burwood Park
664,0.06333333333333324,0.3833333333333333,581000.0,2015,T,Oatlands and Burwood Park
680,-0.2064719358533793,0.15463917525773185,560000.0,2016,T,Oatlands and Burwood Park
696,-0.17582129542885538,0.0456770759066496,550000.0,2017,T,Oatlands and Burwood Park
712,0.11539378292390334,0.25645438898450945,730000.0,2018,T,Oatlands and Burwood Park
728,0.09121258503401353,0.1116071428571428,622500.0,2019,T,Oatlands and Burwood Park
744,-0.02181818181818196,0.018181818181818077,560000.0,2020,T,Oatlands and Burwood Park
760,-0.2300841453499053,-0.1678082191780822,607500.0,2021,T,Oatlands and Burwood Park
57,0.3595181558316589,0.43500000000000005,1435000.0,2013,D,Oxshott and Stoke D'Abernon
73,-0.14725274725274717,0.06227106227106227,1450000.0,2014,D,Oxshott and Stoke D'Abernon
89,-0.05113723682188409,0.16182572614107893,1400000.0,2015,D,Oxshott and Stoke D'Abernon
105,-0.31511706094504555,-0.09581881533101044,1297500.0,2016,D,Oxshott and Stoke D'Abernon
121,-0.04900217214227531,0.08879310344827585,1578750.0,2017,D,Oxshott and Stoke D'Abernon
137,0.09312977099236641,0.19999999999999996,1680000.0,2018,D,Oxshott and Stoke D'Abernon
153,0.1488751195575333,0.1560693641618498,1500000.0,2019,D,Oxshott and Stoke D'Abernon
169,-0.008766955154284606,0.029295328582739533,1625000.0,2020,D,Oxshott and Stoke D'Abernon
185,-0.08072660098522166,0.008928571428571397,1695000.0,2021,D,Oxshott and Stoke D'Abernon
249,0.5001634521085323,0.5527950310559007,225000.0,2013,F,Oxshott and Stoke D'Abernon
265,3.627027027027027,3.8,600000.0,2014,F,Oxshott and Stoke D'Abernon
281,0.29234449760765546,0.5818181818181818,217500.0,2015,F,Oxshott and Stoke D'Abernon
297,-0.5216666666666666,-0.16666666666666663,187500.0,2016,F,Oxshott and Stoke D'Abernon
313,-0.2699692780337941,0.016666666666666607,610000.0,2017,F,Oxshott and Stoke D'Abernon
329,6.693642974431152,6.816091954022989,1700000.0,2018,F,Oxshott and Stoke D'Abernon
345,0.8996900369003689,0.8959999999999999,355500.0,2019,F,Oxshott and Stoke D'Abernon
361,-0.2703273991263093,-0.30327868852459017,425000.0,2020,F,Oxshott and Stoke D'Abernon
377,-0.6661497326203208,-0.6770588235294117,549000.0,2021,F,Oxshott and Stoke D'Abernon
441,0.06806536490790749,0.1887550200803212,555000.0,2013,S,Oxshott and Stoke D'Abernon
457,0.030224539533530992,0.26751267512675136,633750.0,2014,S,Oxshott and Stoke D'Abernon
473,-0.11249581799933073,0.19897959183673475,587500.0,2015,S,Oxshott and Stoke D'Abernon
489,-0.07269577269577265,0.2657657657657657,702500.0,2016,S,Oxshott and Stoke D'Abernon
505,-0.11464159303990695,0.10453648915187386,700000.0,2017,S,Oxshott and Stoke D'Abernon
521,0.1792553191489361,0.3042553191489361,766250.0,2018,S,Oxshott and Stoke D'Abernon
537,0.09148770810324369,0.09608540925266906,770000.0,2019,S,Oxshott and Stoke D'Abernon
553,0.018940609951845877,0.05714285714285716,740000.0,2020,S,Oxshott and Stoke D'Abernon
569,-0.16260648903389519,-0.08482871125611746,701250.0,2021,S,Oxshott and Stoke D'Abernon
633,0.13025287718394285,0.21046892039258447,555000.0,2013,T,Oxshott and Stoke D'Abernon
649,-0.022221552744283724,0.2060240963855422,500500.0,2014,T,Oxshott and Stoke D'Abernon
665,-0.4052017937219732,-0.08520179372197312,510000.0,2015,T,Oxshott and Stoke D'Abernon
681,-0.3557057057057058,0.00540540540540535,558000.0,2016,T,Oxshott and Stoke D'Abernon
697,1.9153647655276318,2.136863136863137,1570000.0,2017,T,Oxshott and Stoke D'Abernon
713,0.24766488413547227,0.3887254901960784,708250.0,2018,T,Oxshott and Stoke D'Abernon
729,-0.17810065101309347,-0.1577060931899642,470000.0,2019,T,Oxshott and Stoke D'Abernon
745,-0.35528662420382173,-0.3152866242038217,1075000.0,2020,T,Oxshott and Stoke D'Abernon
761,-0.42973092087708253,-0.36745499470525944,448000.0,2021,T,Oxshott and Stoke D'Abernon
58,-0.05048184416834123,0.02499999999999991,820000.0,2013,D,Thames Ditton
74,-0.13523809523809516,0.07428571428571429,940000.0,2014,D,Thames Ditton
90,0.06654014262709906,0.2795031055900621,1030000.0,2015,D,Thames Ditton
106,0.04594565682498919,0.2652439024390243,1037500.0,2016,D,Thames Ditton
122,0.01911961802647011,0.15691489361702127,1087500.0,2017,D,Thames Ditton
138,-0.10881197658044905,-0.001941747572815511,1028000.0,2018,D,Thames Ditton
154,0.012082863829418367,0.01927710843373487,1057500.0,2019,D,Thames Ditton
170,-0.005878375691047211,0.03218390804597693,1122500.0,2020,D,Thames Ditton
186,0.0806026096873742,0.17025778210116727,1203025.0,2021,D,Thames Ditton
250,0.08736842105263154,0.1399999999999999,285000.0,2013,F,Thames Ditton
266,0.12702702702702706,0.30000000000000004,325000.0,2014,F,Thames Ditton
282,0.175872850442939,0.4653465346534653,370000.0,2015,F,Thames Ditton
298,0.11166666666666658,0.46666666666666656,418000.0,2016,F,Thames Ditton
314,-0.06202056008507606,0.22461538461538466,398000.0,2017,F,Thames Ditton
330,-0.03461114175399871,0.08783783783783794,402500.0,2018,F,Thames Ditton
346,-0.06568795353025303,-0.06937799043062198,389000.0,2019,F,Thames Ditton
362,-0.024837655325337216,-0.05778894472361806,375000.0,2020,F,Thames Ditton
378,0.004697910784867254,-0.006211180124223614,400000.0,2021,F,Thames Ditton
442,0.08214053350683148,0.20283018867924518,637500.0,2013,S,Thames Ditton
458,0.0857207139643017,0.32300884955752207,747500.0,2014,S,Thames Ditton
474,0.07436261833294866,0.38583802816901414,787156.0,2015,S,Thames Ditton
490,0.002714932126696823,0.3411764705882352,855000.0,2016,S,Thames Ditton
506,-0.10881018921519225,0.11036789297658856,830000.0,2017,S,Thames Ditton
522,-0.0070513341701010646,0.11794866582989894,880000.0,2018,S,Thames Ditton
538,-0.027989514014922445,-0.023391812865497075,835000.0,2019,S,Thames Ditton
554,-0.015913090564505294,0.02228915662650599,848500.0,2020,S,Thames Ditton
570,-0.05789141414141419,0.019886363636363535,897500.0,2021,S,Thames Ditton
634,0.463901603850182,0.5441176470588236,525000.0,2013,T,Thames Ditton
650,0.058099483613536895,0.2863451327433628,508749.5,2014,T,Thames Ditton
666,0.09097560975609742,0.4109756097560975,578500.0,2015,T,Thames Ditton
682,-0.3216349206349207,0.03947619047619044,545725.0,2016,T,Thames Ditton
698,-0.051964052382857284,0.1695343189526477,595000.0,2017,T,Thames Ditton
714,0.06896532306644665,0.21002592912705276,700000.0,2018,T,Thames Ditton
730,0.29895126653895776,0.319345824362087,720000.0,2019,T,Thames Ditton
746,0.11462184873949566,0.1546218487394957,687000.0,2020,T,Thames Ditton
762,-0.09799021188610879,-0.0357142857142857,675000.0,2021,T,Thames Ditton
59,-0.20514233799550163,-0.1296604938271605,704975.0,2013,D,Walton Central
75,-0.09700725323241866,0.11251655629139079,839950.0,2014,D,Walton Central
91,0.3324915824915824,0.5454545454545454,935000.0,2015,D,Walton Central
107,0.07862012028546483,0.29791836589949994,915000.0,2016,D,Walton Central
123,0.01703536909067993,0.1548306446812311,970000.0,2017,D,Walton Central
139,-0.18708413275094904,-0.0802139037433155,860000.0,2018,D,Walton Central
155,0.01302433463065622,0.020218579234972722,933500.0,2019,D,Walton Central
171,0.2402882317268933,0.2783505154639174,1240000.0,2020,D,Walton Central
187,0.014995990376904578,0.10465116279069764,950000.0,2021,D,Walton Central
251,0.1473684210526316,0.19999999999999996,240000.0,2013,F,Walton Central
267,0.11650071123755334,0.2894736842105263,245000.0,2014,F,Walton Central
283,0.062002288329519484,0.3514759725400458,295297.5,2015,F,Walton Central
299,-0.06333333333333324,0.29166666666666674,310000.0,2016,F,Walton Central
315,0.02764976958525356,0.3142857142857143,322000.0,2017,F,Walton Central
331,-0.21234984228115839,-0.08990086268932174,268750.0,2018,F,Walton Central
347,0.03594810141649796,0.032258064516129004,320000.0,2019,F,Walton Central
363,0.010435761447970315,-0.022515527950310532,314750.0,2020,F,Walton Central
379,0.21687746300211408,0.2059683720930232,324104.0,2021,F,Walton Central
443,0.17472864548118117,0.29541830065359487,495497.5,2013,S,Walton Central
459,-0.07223959190390006,0.16504854368932032,540000.0,2014,S,Walton Central
475,0.22503252667187112,0.5365079365079366,605000.0,2015,S,Walton Central
491,-0.046830400060234645,0.2916311384013037,640000.0,2016,S,Walton Central
507,-0.10806697108066965,0.11111111111111116,600000.0,2017,S,Walton Central
523,-0.11673553719008267,0.008264462809917328,610000.0,2018,S,Walton Central
539,-0.12369145114942537,-0.11909375,563780.0,2019,S,Walton Central
555,0.08679775280898872,0.125,675000.0,2020,S,Walton Central
571,0.02877959927140261,0.10655737704918034,675000.0,2021,S,Walton Central
635,0.09095512796252958,0.1711711711711712,325000.0,2013,T,Walton Central
651,-0.1425313634155403,0.08571428571428563,380000.0,2014,T,Walton Central
667,-0.05987034035656413,0.26012965964343593,388750.0,2015,T,Walton Central
683,0.1696581196581195,0.5307692307692307,497500.0,2016,T,Walton Central
699,0.10744899708554767,0.32894736842105265,505000.0,2017,T,Walton Central
715,0.1849844100165643,0.3260450160771704,515500.0,2018,T,Walton Central
731,-0.20632420606433532,-0.18592964824120606,405000.0,2019,T,Walton Central
747,-0.0994059405940595,-0.05940594059405946,475000.0,2020,T,Walton Central
763,-0.15829920454233715,-0.09602327837051405,466000.0,2021,T,Walton Central
60,0.28458104891341995,0.3600628930817611,432500.0,2013,D,Walton North
76,0.06074646074646073,0.2702702702702702,470000.0,2014,D,Walton North
92,-0.08201058201058209,0.13095238095238093,475000.0,2015,D,Walton North
108,0.11018152317209196,0.32947976878612706,575000.0,2016,D,Walton North
124,-0.03673144580331722,0.10106382978723394,517500.0,2017,D,Walton North
140,-0.03318601848131775,0.0736842105263158,510000.0,2018,D,Walton North
156,-0.05067250547388169,-0.04347826086956519,550000.0,2019,D,Walton North
172,0.12135800611804837,0.1594202898550725,600000.0,2020,D,Walton North
188,0.08680561189993252,0.17646078431372558,599995.0,2021,D,Walton North
252,0.15361842105263168,0.20625000000000004,193000.0,2013,F,Walton North
268,0.16258629246943102,0.335559265442404,200000.0,2014,F,Walton North
284,0.05516150892252081,0.34463519313304714,234975.0,2015,F,Walton North
300,-0.16329015544041448,0.1917098445595855,230000.0,2016,F,Walton North
316,-0.01163594470046081,0.2749999999999999,255000.0,2017,F,Walton North
332,-0.10106372584143775,0.021385253750398903,240000.0,2018,F,Walton North
348,0.030863949943847224,0.02717391304347827,236250.0,2019,F,Walton North
364,0.013147367829653422,-0.019803921568627425,249950.0,2020,F,Walton North
380,0.027575757575757476,0.016666666666666607,244000.0,2021,F,Walton North
444,0.1375263072689008,0.2582159624413145,335000.0,2013,S,Walton North
460,0.049581429624171,0.2868695652173914,369975.0,2014,S,Walton North
476,0.015797317436661906,0.3272727272727274,438000.0,2015,S,Walton North
492,0.07049368541905854,0.4089552238805969,472000.0,2016,S,Walton North
508,0.07009822026108758,0.2892763024528684,477000.0,2017,S,Walton North
524,-0.02340182648401834,0.10159817351598166,482500.0,2018,S,Walton North
540,0.0229446717319306,0.02754237288135597,485000.0,2019,S,Walton North
556,0.004769450922196272,0.04297169811320756,497497.5,2020,S,Walton North
572,-0.041508347725964345,0.03626943005181338,500000.0,2021,S,Walton North
636,0.17603395679135847,0.2562500000000001,301500.0,2013,T,Walton North
652,-0.0730428272603374,0.15520282186948853,327500.0,2014,T,Walton North
668,-0.17361552028218696,0.1463844797178131,325000.0,2015,T,Walton North
684,-0.08084577114427871,0.28026533996683245,386000.0,2016,T,Walton North
700,-0.01539150110649734,0.20610687022900764,395000.0,2017,T,Walton North
716,0.06509324009324002,0.20615384615384613,392000.0,2018,T,Walton North
732,0.01587487222868411,0.03626943005181338,400000.0,2019,T,Walton North
748,-0.010886075949367191,0.029113924050632844,406500.0,2020,T,Walton North
764,0.03466284933838093,0.09693877551020402,430000.0,2021,T,Walton North
61,-0.08680996916834116,-0.011328125000000022,632750.0,2013,D,Walton South
77,0.036434153289448545,0.245957962813258,770625.0,2014,D,Walton South
93,-0.0052706552706554,0.20769230769230762,785000.0,2015,D,Walton South
109,0.2820846070133849,0.50138285262742,950000.0,2016,D,Walton South
125,-0.09448627315746116,0.043309002433089994,804000.0,2017,D,Walton South
141,-0.03298487868916222,0.07388535031847132,843000.0,2018,D,Walton South
157,-0.18614161302536913,-0.17894736842105263,780000.0,2019,D,Walton South
173,0.0471367212381002,0.08519900497512434,872500.0,2020,D,Walton South
189,-0.022039514050803843,0.06761565836298922,900000.0,2021,D,Walton South
253,-0.03140252866803883,0.02122905027932953,228500.0,2013,F,Walton South
269,-0.03660933660933652,0.13636363636363646,250000.0,2014,F,Walton South
285,-0.11169590643274852,0.1777777777777778,265000.0,2015,F,Walton South
301,-0.02458424507658652,0.33041575492341346,304000.0,2016,F,Walton South
317,-0.08663594470046077,0.19999999999999996,300000.0,2017,F,Walton South
333,0.00962649210627653,0.13207547169811318,300000.0,2018,F,Walton South
349,-0.07032312099436788,-0.07401315789473684,281500.0,2019,F,Walton South
365,0.06628462273161428,0.03333333333333344,310000.0,2020,F,Walton South
381,0.07257575757575763,0.06166666666666676,318500.0,2021,F,Walton South
445,-0.026022988505747024,0.09466666666666668,410500.0,2013,S,Walton South
461,-0.06728813559322044,0.16999999999999993,468000.0,2014,S,Walton South
477,0.030718155530077063,0.34219356536614254,510000.0,2015,S,Walton South
493,0.11099034947999642,0.4494518879415348,595000.0,2016,S,Walton South
509,0.009454396440697899,0.2286324786324787,575000.0,2017,S,Walton South
525,0.017156862745097978,0.14215686274509798,582500.0,2018,S,Walton South
541,-0.12224475997295481,-0.11764705882352944,525000.0,2019,S,Walton South
557,0.061797752808988804,0.10000000000000009,632500.0,2020,S,Walton South
573,0.055269432522651485,0.1330472103004292,660000.0,2021,S,Walton South
637,-0.04642572062799655,0.03379032258064507,320475.0,2013,T,Walton South
653,0.06999996490526184,0.29824561403508776,370000.0,2014,T,Walton South
669,-0.1572093023255814,0.16279069767441867,350000.0,2015,T,Walton South
685,-0.2377785578698286,0.12333255324128256,360000.0,2016,T,Walton South
701,-0.14041729025442384,0.08108108108108114,400000.0,2017,T,Walton South
717,0.05893939393939385,0.19999999999999996,420000.0,2018,T,Walton South
733,0.19071655328798176,0.21111111111111103,436000.0,2019,T,Walton South
749,0.014999999999999902,0.05499999999999994,422000.0,2020,T,Walton South
765,-0.06227592617182309,0.0,420000.0,2021,T,Walton South
62,0.29951815583165886,0.375,935000.0,2013,D,Weybridge Riverside
78,-0.23982683982683972,-0.030303030303030276,800000.0,2014,D,Weybridge Riverside
94,0.27286510334871394,0.48582806631167696,985000.0,2015,D,Weybridge Riverside
110,-0.09630359320761794,0.12299465240641716,1050000.0,2016,D,Weybridge Riverside
126,0.29970472440944884,0.4375,1150000.0,2017,D,Weybridge Riverside
142,-0.005347386368039553,0.10152284263959399,1085000.0,2018,D,Weybridge Riverside
158,0.03090099349092168,0.03809523809523818,1090000.0,2019,D,Weybridge Riverside
174,0.004329020610801981,0.04239130434782612,1198750.0,2020,D,Weybridge Riverside
190,0.011727316065469617,0.10138248847926268,1195000.0,2021,D,Weybridge Riverside
254,-0.0697255960413855,-0.017094017094017144,230000.0,2013,F,Weybridge Riverside
270,-0.17297297297297298,0.0,250000.0,2014,F,Weybridge Riverside
286,-0.138453276047261,0.15102040816326534,282000.0,2015,F,Weybridge Riverside
302,-0.07239130434782615,0.28260869565217384,295000.0,2016,F,Weybridge Riverside
318,-0.11163594470046068,0.17500000000000004,293750.0,2017,F,Weybridge Riverside
334,-0.047094369662758595,0.07535460992907805,303250.0,2018,F,Weybridge Riverside
350,0.02063918944274179,0.016949152542372836,300000.0,2019,F,Weybridge Riverside
366,0.07550448088764261,0.042553191489361764,306250.0,2020,F,Weybridge Riverside
382,0.09252491943341068,0.08161582852431981,328000.0,2021,F,Weybridge Riverside
446,-0.0030425963488842633,0.11764705882352944,475000.0,2013,S,Weybridge Riverside
462,0.02213059422378727,0.25941872981700764,585000.0,2014,S,Weybridge Riverside
478,0.29770849820991163,0.6091839080459771,699995.0,2015,S,Weybridge Riverside
494,0.04259109311740894,0.3810526315789473,656000.0,2016,S,Weybridge Riverside
510,0.0073176443039457695,0.22649572649572658,717500.0,2017,S,Weybridge Riverside
526,-0.25713665811898656,-0.13213665811898656,607500.0,2018,S,Weybridge Riverside
542,0.039609615923745345,0.044207317073170715,685000.0,2019,S,Weybridge Riverside
558,-0.13471792663352,-0.09651567944250872,648250.0,2020,S,Weybridge Riverside
574,0.08683127572016458,0.1646090534979423,707500.0,2021,S,Weybridge Riverside
638,-0.02466048765308604,0.05555555555555558,380000.0,2013,T,Weybridge Riverside
654,0.10998964498782104,0.33823529411764697,455000.0,2014,T,Weybridge Riverside
670,0.24249999999999994,0.5625,500000.0,2015,T,Weybridge Riverside
686,0.01388888888888884,0.375,522500.0,2016,T,Weybridge Riverside
702,-0.22149837133550498,0.0,455000.0,2017,T,Weybridge Riverside
718,-0.10106060606060607,0.040000000000000036,520000.0,2018,T,Weybridge Riverside
734,-0.07302613677049774,-0.052631578947368474,495000.0,2019,T,Weybridge Riverside
750,0.11384615384615371,0.15384615384615374,525000.0,2020,T,Weybridge Riverside
766,-0.004583618479515383,0.05769230769230771,550000.0,2021,T,Weybridge Riverside
63,-0.048454817141314166,0.027027027027026973,950000.0,2013,D,Weybridge St George's Hill
79,0.2862026862026863,0.49572649572649574,1312500.0,2014,D,Weybridge St George's Hill
95,-0.18035426731078918,0.032608695652173836,1187500.0,2015,D,Weybridge St George's Hill
111,0.11228070175438587,0.331578947368421,1265000.0,2016,D,Weybridge St George's Hill
127,-0.1168428946381701,0.020952380952381056,1340000.0,2017,D,Weybridge St George's Hill
143,-0.21002812374447566,-0.10315789473684212,1065000.0,2018,D,Weybridge St George's Hill
159,-0.11391361219324936,-0.10671936758893286,1130000.0,2019,D,Weybridge St George's Hill
175,-0.09589810463254655,-0.057835820895522416,1262500.0,2020,D,Weybridge St George's Hill
191,0.20611947547353093,0.295774647887324,1380000.0,2021,D,Weybridge St George's Hill
255,-0.27430990062569005,-0.2216783216783217,278250.0,2013,F,Weybridge St George's Hill
271,-0.010611349356736799,0.16236162361623618,315000.0,2014,F,Weybridge St George's Hill
287,0.1245291437951297,0.414002828005656,353500.0,2015,F,Weybridge St George's Hill
303,0.35209793351302787,0.7070979335130279,475000.0,2016,F,Weybridge St George's Hill
319,-0.11044546850998449,0.17619047619047623,370500.0,2017,F,Weybridge St George's Hill
335,-0.14649424126086075,-0.0240452616690241,345000.0,2018,F,Weybridge St George's Hill
351,-0.21736259467857844,-0.2210526315789474,370000.0,2019,F,Weybridge St George's Hill
367,-0.06286517483923604,-0.09581646423751689,335000.0,2020,F,Weybridge St George's Hill
383,0.14134387351778643,0.13043478260869557,390000.0,2021,F,Weybridge St George's Hill
447,-0.20666250585114676,-0.08597285067873306,505000.0,2013,S,Weybridge St George's Hill
463,0.12503070498648983,0.3623188405797102,470000.0,2014,S,Weybridge St George's Hill
479,0.18852459016393452,0.5,645000.0,2015,S,Weybridge St George's Hill
495,-0.19984767707539985,0.13861386138613851,575000.0,2016,S,Weybridge St George's Hill
511,-0.09151850772369574,0.12765957446808507,530000.0,2017,S,Weybridge St George's Hill
527,-0.10794573643410854,0.01705426356589146,656000.0,2018,S,Weybridge St George's Hill
543,0.1606196901549224,0.16521739130434776,670000.0,2019,S,Weybridge St George's Hill
559,0.2660430358278567,0.304245283018868,691250.0,2020,S,Weybridge St George's Hill
575,-0.03357046070460701,0.044207317073170715,685000.0,2021,S,Weybridge St George's Hill
639,0.13459877160617317,0.2148148148148148,410000.0,2013,T,Weybridge St George's Hill
655,0.023367254095980616,0.25161290322580654,485000.0,2014,T,Weybridge St George's Hill
671,0.20054794520547947,0.5205479452054795,555000.0,2015,T,Weybridge St George's Hill
687,-0.20257452574525758,0.15853658536585358,475000.0,2016,T,Weybridge St George's Hill
703,-0.0029416703045772596,0.21855670103092772,591000.0,2017,T,Weybridge St George's Hill
719,-0.12304258804258805,0.018018018018018056,565000.0,2018,T,Weybridge St George's Hill
735,0.04802649480844967,0.06842105263157894,507500.0,2019,T,Weybridge St George's Hill
751,-0.07130287648054145,-0.03130287648054142,572500.0,2020,T,Weybridge St George's Hill
767,0.030644427810477826,0.09292035398230092,617500.0,2021,T,Weybridge St George's Hill
