,3y_ret,cluster,Year,Type,Lat,Lon
3,0.35631071501993405,0,2013,D,51.338992777777776,-0.3511536666666667
4,-0.120925678682688,0,2014,D,51.338992777777776,-0.3511536666666667
5,-0.346204438532675,0,2015,D,51.338992777777776,-0.3511536666666667
6,-0.361030529078602,0,2016,D,51.338992777777776,-0.3511536666666667
7,-0.22175818767846323,0,2017,D,51.338992777777776,-0.3511536666666667
8,-0.32461216449150454,0,2018,D,51.338992777777776,-0.3511536666666667
9,0.1946406177810045,0,2019,D,51.338992777777776,-0.3511536666666667
10,0.06971653538200107,0,2020,D,51.338992777777776,-0.3511536666666667
11,0.4915819409882687,0,2021,D,51.338992777777776,-0.3511536666666667
21,0.07583189712316063,3,2013,F,51.37355608219178,-0.45120868493150684
24,0.01693659389994462,3,2014,F,51.37355608219178,-0.45120868493150684
27,-0.06156670746634019,3,2015,F,51.37355608219178,-0.45120868493150684
30,-0.23915178571428575,3,2016,F,51.37355608219178,-0.45120868493150684
33,-0.3446359447004608,3,2017,F,51.37355608219178,-0.45120868493150684
36,-0.04290352504638206,3,2018,F,51.37355608219178,-0.45120868493150684
39,0.02389407770853058,3,2019,F,51.37355608219178,-0.45120868493150684
42,0.2643737947061364,3,2020,F,51.37355608219178,-0.45120868493150684
45,0.18634768740031904,3,2021,F,51.37355608219178,-0.45120868493150684
22,0.11007957559681714,3,2013,S,51.37355608219178,-0.45120868493150684
25,0.4424692327869024,3,2014,S,51.37355608219178,-0.45120868493150684
28,0.2010790932461779,3,2015,S,51.37355608219178,-0.45120868493150684
31,-0.17158653846153826,3,2016,S,51.37355608219178,-0.45120868493150684
34,-0.2562151192288179,3,2017,S,51.37355608219178,-0.45120868493150684
37,-0.17569582504970183,3,2018,S,51.37355608219178,-0.45120868493150684
40,0.17483454309267432,3,2019,S,51.37355608219178,-0.45120868493150684
43,0.024297752808988715,3,2020,S,51.37355608219178,-0.45120868493150684
46,0.02169866201279813,3,2021,S,51.37355608219178,-0.45120868493150684
23,-0.02680904505026227,3,2013,T,51.37355608219178,-0.45120868493150684
26,0.17081538373402383,3,2014,T,51.37355608219178,-0.45120868493150684
29,0.0752205882352941,3,2015,T,51.37355608219178,-0.45120868493150684
32,0.2735042735042734,3,2016,T,51.37355608219178,-0.45120868493150684
35,-0.08055877402006884,3,2017,T,51.37355608219178,-0.45120868493150684
38,-0.10021739130434781,3,2018,T,51.37355608219178,-0.45120868493150684
41,-0.17547477172687254,3,2019,T,51.37355608219178,-0.45120868493150684
44,0.11529411764705877,3,2020,T,51.37355608219178,-0.45120868493150684
47,0.026331668764885796,3,2021,T,51.37355608219178,-0.45120868493150684
51,-0.10439369348481331,5,2013,F,51.37714194326241,-0.4097389361702128
52,-0.08808684460858385,5,2014,F,51.37714194326241,-0.4097389361702128
53,-0.05251716247139582,5,2015,F,51.37714194326241,-0.4097389361702128
54,0.08518583042973282,5,2016,F,51.37714194326241,-0.4097389361702128
55,-0.10820083019664395,5,2017,F,51.37714194326241,-0.4097389361702128
56,0.006725009863347786,5,2018,F,51.37714194326241,-0.4097389361702128
57,0.027883585287465706,5,2019,F,51.37714194326241,-0.4097389361702128
58,0.03699987239423219,5,2020,F,51.37714194326241,-0.4097389361702128
59,-0.006989741775734082,5,2021,F,51.37714194326241,-0.4097389361702128
63,-0.09352382195170827,6,2013,S,51.402923880555555,-0.3699469166666668
64,0.07116256863213177,6,2014,S,51.402923880555555,-0.3699469166666668
65,-0.01814207650273225,6,2015,S,51.402923880555555,-0.3699469166666668
66,0.026670040485829993,6,2016,S,51.402923880555555,-0.3699469166666668
67,-0.06094342126605423,6,2017,S,51.402923880555555,-0.3699469166666668
68,-0.017783505154639112,6,2018,S,51.402923880555555,-0.3699469166666668
69,0.0556432627059964,6,2019,S,51.402923880555555,-0.3699469166666668
70,-0.11817436615011911,6,2020,S,51.402923880555555,-0.3699469166666668
71,-0.0428615766604592,6,2021,S,51.402923880555555,-0.3699469166666668
75,-0.13077596181539997,7,2013,D,51.3724165,-0.42225552631578944
76,0.20232804232804247,7,2014,D,51.3724165,-0.42225552631578944
77,0.05940840169028072,7,2015,D,51.3724165,-0.42225552631578944
78,-0.06736798409473255,7,2016,D,51.3724165,-0.42225552631578944
79,-0.03601143508687854,7,2017,D,51.3724165,-0.42225552631578944
80,-0.13434275648016103,7,2018,D,51.3724165,-0.42225552631578944
81,-0.09908613649620834,7,2019,D,51.3724165,-0.42225552631578944
82,-0.6323479980227384,7,2020,D,51.3724165,-0.42225552631578944
83,-0.08400545489966871,7,2021,D,51.3724165,-0.42225552631578944
96,0.6215380233813277,8,2013,D,51.402374888888886,-0.35657815873015875
100,1.6948879551820728,8,2014,D,51.402374888888886,-0.35657815873015875
104,-0.308678043653002,8,2015,D,51.402374888888886,-0.35657815873015875
108,-0.1656397090286692,8,2016,D,51.402374888888886,-0.35657815873015875
112,-0.6010864148310575,8,2017,D,51.402374888888886,-0.35657815873015875
116,0.29928361714621254,8,2018,D,51.402374888888886,-0.35657815873015875
120,0.15252797761790582,8,2019,D,51.402374888888886,-0.35657815873015875
124,0.12231507475354197,8,2020,D,51.402374888888886,-0.35657815873015875
128,0.16198596544178678,8,2021,D,51.402374888888886,-0.35657815873015875
97,0.37209960384833063,8,2013,F,51.402374888888886,-0.35657815873015875
101,-0.006306306306306242,8,2014,F,51.402374888888886,-0.35657815873015875
105,0.42105263157894735,8,2015,F,51.402374888888886,-0.35657815873015875
109,-0.15500000000000003,8,2016,F,51.402374888888886,-0.35657815873015875
113,0.04669738863287254,8,2017,F,51.402374888888886,-0.35657815873015875
117,0.10816640502354802,8,2018,F,51.402374888888886,-0.35657815873015875
121,0.23010513123999154,8,2019,F,51.402374888888886,-0.35657815873015875
125,-0.03562013917314777,8,2020,F,51.402374888888886,-0.35657815873015875
129,-0.011468706315562183,8,2021,F,51.402374888888886,-0.35657815873015875
98,0.18515226922621175,8,2013,S,51.402374888888886,-0.35657815873015875
102,1.4156328266060922,8,2014,S,51.402374888888886,-0.35657815873015875
106,0.04146576663452284,8,2015,S,51.402374888888886,-0.35657815873015875
110,-0.041469057258530784,8,2016,S,51.402374888888886,-0.35657815873015875
114,-0.3720278231244233,8,2017,S,51.402374888888886,-0.35657815873015875
118,-0.13224637681159424,8,2018,S,51.402374888888886,-0.35657815873015875
122,-0.10604697651174422,8,2019,S,51.402374888888886,-0.35657815873015875
126,-0.11465484657939051,8,2020,S,51.402374888888886,-0.35657815873015875
130,0.2725871857258719,8,2021,S,51.402374888888886,-0.35657815873015875
99,0.10159485422725578,8,2013,T,51.402374888888886,-0.35657815873015875
103,0.30519643896152804,8,2014,T,51.402374888888886,-0.35657815873015875
107,-0.12882352941176478,8,2015,T,51.402374888888886,-0.35657815873015875
111,-0.038987577312209476,8,2016,T,51.402374888888886,-0.35657815873015875
115,0.02318247972832488,8,2017,T,51.402374888888886,-0.35657815873015875
119,0.17992704826038164,8,2018,T,51.402374888888886,-0.35657815873015875
123,0.13852851909994768,8,2019,T,51.402374888888886,-0.35657815873015875
127,-0.08615384615384614,8,2020,T,51.402374888888886,-0.35657815873015875
131,-0.13143480467649604,8,2021,T,51.402374888888886,-0.35657815873015875
135,-0.08231688354477606,9,2013,T,51.397837820312496,-0.3754697734375
136,0.0028654619812851223,9,2014,T,51.397837820312496,-0.3754697734375
137,0.11571428571428566,9,2015,T,51.397837820312496,-0.3754697734375
138,0.00520467836257299,9,2016,T,51.397837820312496,-0.3754697734375
139,0.009548560072437207,9,2017,T,51.397837820312496,-0.3754697734375
140,0.11930423639378862,9,2018,T,51.397837820312496,-0.3754697734375
141,0.05965166713835002,9,2019,T,51.397837820312496,-0.3754697734375
142,-0.003343108504398895,9,2020,T,51.397837820312496,-0.3754697734375
143,-0.029381189329717783,9,2021,T,51.397837820312496,-0.3754697734375
150,0.26639849771200064,11,2013,D,51.37751141025641,-0.329299282051282
152,0.1020146520146521,11,2014,D,51.37751141025641,-0.329299282051282
154,0.004953003423591618,11,2015,D,51.37751141025641,-0.329299282051282
156,-0.07917085707900329,11,2016,D,51.37751141025641,-0.329299282051282
158,0.0176299443507979,11,2017,D,51.37751141025641,-0.329299282051282
160,-0.06914219103120312,11,2018,D,51.37751141025641,-0.329299282051282
162,-0.01836742896185839,11,2019,D,51.37751141025641,-0.329299282051282
164,-0.16496583703651657,11,2020,D,51.37751141025641,-0.329299282051282
166,-0.03380410858400573,11,2021,D,51.37751141025641,-0.329299282051282
151,0.2907389162561578,11,2013,S,51.37751141025641,-0.329299282051282
153,0.27786337955829477,11,2014,S,51.37751141025641,-0.329299282051282
155,-0.1544506164476358,11,2015,S,51.37751141025641,-0.329299282051282
157,-0.3020242914979756,11,2016,S,51.37751141025641,-0.329299282051282
159,-0.0671780821917809,11,2017,S,51.37751141025641,-0.329299282051282
161,-0.09285714285714275,11,2018,S,51.37751141025641,-0.329299282051282
163,0.32118354885057454,11,2019,S,51.37751141025641,-0.329299282051282
165,0.06596441947565546,11,2020,S,51.37751141025641,-0.329299282051282
167,0.012533640907343324,11,2021,S,51.37751141025641,-0.329299282051282
171,0.13504447162113253,13,2013,D,51.33762442222222,-0.37671873333333333
172,-0.13230373230373216,13,2014,D,51.33762442222222,-0.37671873333333333
173,0.24135802469135803,13,2015,D,51.33762442222222,-0.37671873333333333
174,-0.0019069412662089391,13,2016,D,51.33762442222222,-0.37671873333333333
175,-0.06252645838625015,13,2017,D,51.33762442222222,-0.37671873333333333
176,-0.2572284633030495,13,2018,D,51.33762442222222,-0.37671873333333333
177,0.1713771839671121,13,2019,D,51.33762442222222,-0.37671873333333333
178,-0.28472895040369084,13,2020,D,51.33762442222222,-0.37671873333333333
179,0.1052956607546851,13,2021,D,51.33762442222222,-0.37671873333333333
186,0.15054555309193285,14,2013,D,51.360207359550564,-0.3325432808988764
188,0.3795172863666014,14,2014,D,51.360207359550564,-0.3325432808988764
190,-0.05413943355119821,14,2015,D,51.360207359550564,-0.3325432808988764
192,-0.026560815446437402,14,2016,D,51.360207359550564,-0.3325432808988764
194,0.015221965788759118,14,2017,D,51.360207359550564,-0.3325432808988764
196,-0.15763165032743054,14,2018,D,51.360207359550564,-0.3325432808988764
198,-0.21094131720384812,14,2019,D,51.360207359550564,-0.3325432808988764
200,-0.19694078840992135,14,2020,D,51.360207359550564,-0.3325432808988764
202,-0.0014198782961460932,14,2021,D,51.360207359550564,-0.3325432808988764
187,0.12642350879987263,14,2013,S,51.360207359550564,-0.3325432808988764
189,-0.0013330794134451818,14,2014,S,51.360207359550564,-0.3325432808988764
191,0.002503084787590426,14,2015,S,51.360207359550564,-0.3325432808988764
193,-0.1764245014245014,14,2016,S,51.360207359550564,-0.3325432808988764
195,0.0762764632627646,14,2017,S,51.360207359550564,-0.3325432808988764
197,-0.061170212765957466,14,2018,S,51.360207359550564,-0.3325432808988764
199,0.10088038649997699,14,2019,S,51.360207359550564,-0.3325432808988764
201,-0.008728562980484966,14,2020,S,51.360207359550564,-0.3325432808988764
203,-0.06623931623931623,14,2021,S,51.360207359550564,-0.3325432808988764
210,-0.344298245614035,16,2013,F,51.37786289473684,-0.4342823684210526
212,-0.10810965265675243,16,2014,F,51.37786289473684,-0.4342823684210526
214,0.14185029046604947,16,2015,F,51.37786289473684,-0.4342823684210526
216,0.44892156862745103,16,2016,F,51.37786289473684,-0.4342823684210526
218,-0.04692217010296518,16,2017,F,51.37786289473684,-0.4342823684210526
220,-0.3532182103610674,16,2018,F,51.37786289473684,-0.4342823684210526
222,-0.1919621370126745,16,2019,F,51.37786289473684,-0.4342823684210526
224,-0.04352778708079563,16,2020,F,51.37786289473684,-0.4342823684210526
226,0.5109090909090909,16,2021,F,51.37786289473684,-0.4342823684210526
211,0.29273477646348955,16,2013,T,51.37786289473684,-0.4342823684210526
213,-0.14390829973223562,16,2014,T,51.37786289473684,-0.4342823684210526
215,-0.10823529411764721,16,2015,T,51.37786289473684,-0.4342823684210526
217,-0.17703150912106147,16,2016,T,51.37786289473684,-0.4342823684210526
219,0.0007238508867173366,16,2017,T,51.37786289473684,-0.4342823684210526
221,0.06282288908502487,16,2018,T,51.37786289473684,-0.4342823684210526
223,-0.13131892757102848,16,2019,T,51.37786289473684,-0.4342823684210526
225,-0.07636363636363641,16,2020,T,51.37786289473684,-0.4342823684210526
227,-0.16953399068795216,16,2021,T,51.37786289473684,-0.4342823684210526
231,0.3319838056680162,17,2013,F,51.369888583333335,-0.3653403611111112
232,0.094632660829844,17,2014,F,51.369888583333335,-0.3653403611111112
233,-0.16557987890079184,17,2015,F,51.369888583333335,-0.3653403611111112
234,-0.355,17,2016,F,51.369888583333335,-0.3653403611111112
235,-0.42552483358934956,17,2017,F,51.369888583333335,-0.3653403611111112
236,0.05865338261288766,17,2018,F,51.369888583333335,-0.3653403611111112
237,-0.1074210742107422,17,2019,F,51.369888583333335,-0.3653403611111112
238,0.7184351603660228,17,2020,F,51.369888583333335,-0.3653403611111112
239,0.4042424242424242,17,2021,F,51.369888583333335,-0.3653403611111112
246,0.1126951979960562,19,2013,S,51.40065451428571,-0.3631952285714286
248,0.2748330765279918,19,2014,S,51.40065451428571,-0.3631952285714286
250,-0.1721480247983167,19,2015,S,51.40065451428571,-0.3631952285714286
252,0.05878156930788525,19,2016,S,51.40065451428571,-0.3631952285714286
254,-0.19212397397534797,19,2017,S,51.40065451428571,-0.3631952285714286
256,0.03765060240963858,19,2018,S,51.40065451428571,-0.3631952285714286
258,-0.12118962940054645,19,2019,S,51.40065451428571,-0.3631952285714286
260,0.20082214305289114,19,2020,S,51.40065451428571,-0.3631952285714286
262,0.13465745538284413,19,2021,S,51.40065451428571,-0.3631952285714286
247,0.026760700977404905,19,2013,T,51.40065451428571,-0.3631952285714286
249,0.16815785964210384,19,2014,T,51.40065451428571,-0.3631952285714286
251,-0.022163461538461604,19,2015,T,51.40065451428571,-0.3631952285714286
253,0.5010737628384687,19,2016,T,51.40065451428571,-0.3631952285714286
255,-0.15045119500533355,19,2017,T,51.40065451428571,-0.3631952285714286
257,0.8222659358916073,19,2018,T,51.40065451428571,-0.3631952285714286
259,-0.41389636287728093,19,2019,T,51.40065451428571,-0.3631952285714286
261,0.027448680351906063,19,2020,T,51.40065451428571,-0.3631952285714286
263,-0.24057781296427594,19,2021,T,51.40065451428571,-0.3631952285714286
267,-0.10728429004573714,21,2013,S,51.40417944897959,-0.3763361836734694
268,0.1756084520121859,21,2014,S,51.40417944897959,-0.3763361836734694
269,0.034901401758137496,21,2015,S,51.40417944897959,-0.3763361836734694
270,0.029195576664308165,21,2016,S,51.40417944897959,-0.3763361836734694
271,-0.17400161160354544,21,2017,S,51.40417944897959,-0.3763361836734694
272,-0.14545209903121636,21,2018,S,51.40417944897959,-0.3763361836734694
273,0.027660363366703633,21,2019,S,51.40417944897959,-0.3763361836734694
274,0.0761606524037659,21,2020,S,51.40417944897959,-0.3763361836734694
275,0.22441452991452993,21,2021,S,51.40417944897959,-0.3763361836734694
279,0.03211309254051953,22,2013,D,51.3218068,-0.3865680181818182
280,-0.1812752219531879,22,2014,D,51.3218068,-0.3865680181818182
281,-0.00046296296296310935,22,2015,D,51.3218068,-0.3865680181818182
282,-0.06215538847117785,22,2016,D,51.3218068,-0.3865680181818182
283,0.21385307605780057,22,2017,D,51.3218068,-0.3865680181818182
284,0.07869678130164481,22,2018,D,51.3218068,-0.3865680181818182
285,0.03675637267963405,22,2019,D,51.3218068,-0.3865680181818182
286,-0.062452527639463185,22,2020,D,51.3218068,-0.3865680181818182
287,-0.0874812593703147,22,2021,D,51.3218068,-0.3865680181818182
291,0.14791834482758626,23,2013,S,51.37016319230769,-0.39091438461538464
292,0.1681172698121851,23,2014,S,51.37016319230769,-0.39091438461538464
293,0.14856011414262005,23,2015,S,51.37016319230769,-0.39091438461538464
294,-0.0062927361207050225,23,2016,S,51.37016319230769,-0.39091438461538464
295,0.003257815244116724,23,2017,S,51.37016319230769,-0.39091438461538464
296,-0.0027372262773721623,23,2018,S,51.37016319230769,-0.39091438461538464
297,0.09007685506359242,23,2019,S,51.37016319230769,-0.39091438461538464
298,-0.05236061111340251,23,2020,S,51.37016319230769,-0.39091438461538464
299,0.011653116531165297,23,2021,S,51.37016319230769,-0.39091438461538464
303,0.6272208585343615,24,2013,D,51.32533527272727,-0.35560240909090907
304,-0.2856509344314222,24,2014,D,51.32533527272727,-0.35560240909090907
305,0.1321251982461049,24,2015,D,51.32533527272727,-0.35560240909090907
306,-0.5177109440267336,24,2016,D,51.32533527272727,-0.35560240909090907
307,-0.08979527559055112,24,2017,D,51.32533527272727,-0.35560240909090907
308,-0.05818109043085462,24,2018,D,51.32533527272727,-0.35560240909090907
309,0.13533969204726715,24,2019,D,51.32533527272727,-0.35560240909090907
310,0.04590718191183085,24,2020,D,51.32533527272727,-0.35560240909090907
311,-0.08072660098522166,24,2021,D,51.32533527272727,-0.35560240909090907
318,-0.011626422481594068,25,2013,D,51.37318198360656,-0.41359490163934426
320,-0.15623227347365276,25,2014,D,51.37318198360656,-0.41359490163934426
322,0.5117619278667314,25,2015,D,51.37318198360656,-0.41359490163934426
324,-0.033001529872245694,25,2016,D,51.37318198360656,-0.41359490163934426
326,0.5437523434570679,25,2017,D,51.37318198360656,-0.41359490163934426
328,0.3494724064864141,25,2018,D,51.37318198360656,-0.41359490163934426
330,0.5679847530090487,25,2019,D,51.37318198360656,-0.41359490163934426
332,0.17078727378509972,25,2020,D,51.37318198360656,-0.41359490163934426
334,-0.2586398733873675,25,2021,D,51.37318198360656,-0.41359490163934426
319,-0.05025062656641599,25,2013,F,51.37318198360656,-0.41359490163934426
321,1.1395327275590765,25,2014,F,51.37318198360656,-0.41359490163934426
323,0.13417631578947375,25,2015,F,51.37318198360656,-0.41359490163934426
325,-0.04858669833729223,25,2016,F,51.37318198360656,-0.41359490163934426
327,-0.0990109099153178,25,2017,F,51.37318198360656,-0.41359490163934426
329,-0.49466125086637747,25,2018,F,51.37318198360656,-0.41359490163934426
331,-0.07994632673599467,25,2019,F,51.37318198360656,-0.41359490163934426
333,0.13258228570824393,25,2020,F,51.37318198360656,-0.41359490163934426
335,0.4794405594405594,25,2021,F,51.37318198360656,-0.41359490163934426
339,0.06861842105263172,26,2013,F,51.38678192592592,-0.42097412037037035
340,0.1694927804516846,26,2014,F,51.38678192592592,-0.42097412037037035
341,0.07075887392900859,26,2015,F,51.38678192592592,-0.42097412037037035
342,-0.017207357859531758,26,2016,F,51.38678192592592,-0.42097412037037035
343,-0.11520737327188924,26,2017,F,51.38678192592592,-0.42097412037037035
344,-0.16502035931486625,26,2018,F,51.38678192592592,-0.42097412037037035
345,0.23202337023370223,26,2019,F,51.38678192592592,-0.42097412037037035
346,0.09566905943312398,26,2020,F,51.38678192592592,-0.42097412037037035
347,0.028766233766233662,26,2021,F,51.38678192592592,-0.42097412037037035
354,-0.04422821760283058,27,2013,F,51.38298310169492,-0.4042273559322034
356,0.8931427295063656,27,2014,F,51.38298310169492,-0.4042273559322034
358,-0.0427204374572796,27,2015,F,51.38298310169492,-0.4042273559322034
360,-0.23833333333333329,27,2016,F,51.38298310169492,-0.4042273559322034
362,-0.15463594470046083,27,2017,F,51.38298310169492,-0.4042273559322034
364,0.0025510204081633514,27,2018,F,51.38298310169492,-0.4042273559322034
366,0.0036900369003689537,27,2019,F,51.38298310169492,-0.4042273559322034
368,0.14602549434527723,27,2020,F,51.38298310169492,-0.4042273559322034
370,0.35350168350168343,27,2021,F,51.38298310169492,-0.4042273559322034
355,0.1543103448275862,27,2013,S,51.38298310169492,-0.4042273559322034
357,0.06271186440677967,27,2014,S,51.38298310169492,-0.4042273559322034
359,-0.022266776742540406,27,2015,S,51.38298310169492,-0.4042273559322034
361,-0.09663147310206122,27,2016,S,51.38298310169492,-0.4042273559322034
363,0.07156507295815406,27,2017,S,51.38298310169492,-0.4042273559322034
365,0.052455357142857206,27,2018,S,51.38298310169492,-0.4042273559322034
367,-0.028281911675741123,27,2019,S,51.38298310169492,-0.4042273559322034
369,0.10876744977868569,27,2020,S,51.38298310169492,-0.4042273559322034
371,-0.06592943654555028,27,2021,S,51.38298310169492,-0.4042273559322034
381,-0.022869674185463706,28,2013,F,51.39164291803279,-0.41475059016393445
384,-0.04015029504776191,28,2014,F,51.39164291803279,-0.41475059016393445
387,-0.03947368421052633,28,2015,F,51.39164291803279,-0.41475059016393445
390,-0.009335260115606925,28,2016,F,51.39164291803279,-0.41475059016393445
393,0.076356675972304,28,2017,F,51.39164291803279,-0.41475059016393445
396,-0.2081632653061224,28,2018,F,51.39164291803279,-0.41475059016393445
399,-0.17156769505839398,28,2019,F,51.39164291803279,-0.41475059016393445
402,-0.19204871060171913,28,2020,F,51.39164291803279,-0.41475059016393445
405,0.2400757575757576,28,2021,F,51.39164291803279,-0.41475059016393445
382,0.15153256704980844,28,2013,S,51.39164291803279,-0.41475059016393445
385,-0.10556938559322027,28,2014,S,51.39164291803279,-0.41475059016393445
388,-0.0827822280178836,28,2015,S,51.39164291803279,-0.41475059016393445
391,-0.02841787033926768,28,2016,S,51.39164291803279,-0.41475059016393445
394,0.06343961765634831,28,2017,S,51.39164291803279,-0.41475059016393445
397,0.0310693641618498,28,2018,S,51.39164291803279,-0.41475059016393445
400,0.12873563218390793,28,2019,S,51.39164291803279,-0.41475059016393445
403,-0.004940675608664735,28,2020,S,51.39164291803279,-0.41475059016393445
406,-0.10777777777777775,28,2021,S,51.39164291803279,-0.41475059016393445
383,0.2545163807158075,28,2013,T,51.39164291803279,-0.41475059016393445
386,-0.011314432198608948,28,2014,T,51.39164291803279,-0.41475059016393445
389,-0.0931481481481482,28,2015,T,51.39164291803279,-0.41475059016393445
392,-0.10340670859538781,28,2016,T,51.39164291803279,-0.41475059016393445
395,-0.00410706698767882,28,2017,T,51.39164291803279,-0.41475059016393445
398,0.17214694110920514,28,2018,T,51.39164291803279,-0.41475059016393445
401,0.054739833975845587,28,2019,T,51.39164291803279,-0.41475059016393445
404,-0.09952500000000009,28,2020,T,51.39164291803279,-0.41475059016393445
407,-0.0076782250223979,28,2021,T,51.39164291803279,-0.41475059016393445
411,0.14351815583165894,31,2013,D,51.376682274509804,-0.4021228823529412
412,0.3504761904761906,31,2014,D,51.376682274509804,-0.4021228823529412
413,0.2052188552188552,31,2015,D,51.376682274509804,-0.4021228823529412
414,-0.0359512398716233,31,2016,D,51.376682274509804,-0.4021228823529412
415,-0.14548758328285882,31,2017,D,51.376682274509804,-0.4021228823529412
416,-0.04276766490506945,31,2018,D,51.376682274509804,-0.4021228823529412
417,-0.05052180093013969,31,2019,D,51.376682274509804,-0.4021228823529412
418,0.0601289307332602,31,2020,D,51.376682274509804,-0.4021228823529412
419,0.0880556709597009,31,2021,D,51.376682274509804,-0.4021228823529412
426,-0.14648776132810448,32,2013,D,51.39639443835617,-0.3515982602739726
428,-0.0430681133212778,32,2014,D,51.39639443835617,-0.3515982602739726
430,-0.1214995483288166,32,2015,D,51.39639443835617,-0.3515982602739726
432,0.020510671583417128,32,2016,D,51.39639443835617,-0.3515982602739726
434,-0.06345995274736072,32,2017,D,51.39639443835617,-0.3515982602739726
436,-0.09011045247132077,32,2018,D,51.39639443835617,-0.3515982602739726
438,0.05419799788219781,32,2019,D,51.39639443835617,-0.3515982602739726
440,0.03264478697004658,32,2020,D,51.39639443835617,-0.3515982602739726
442,0.2070481242895037,32,2021,D,51.39639443835617,-0.3515982602739726
427,-0.0454684162343606,32,2013,S,51.39639443835617,-0.3515982602739726
429,-0.1492881355932203,32,2014,S,51.39639443835617,-0.3515982602739726
431,-0.22151001191219,32,2015,S,51.39639443835617,-0.3515982602739726
433,0.06071541627097199,32,2016,S,51.39639443835617,-0.3515982602739726
435,0.004351329572925167,32,2017,S,51.39639443835617,-0.3515982602739726
437,0.2948412698412699,32,2018,S,51.39639443835617,-0.3515982602739726
439,-0.006950642325895928,32,2019,S,51.39639443835617,-0.3515982602739726
441,0.09521121434745017,32,2020,S,51.39639443835617,-0.3515982602739726
443,-0.1412210421712936,32,2021,S,51.39639443835617,-0.3515982602739726
450,0.10740406187192741,33,2013,D,51.382514,-0.31372905263157896
452,0.4878674948240167,33,2014,D,51.382514,-0.31372905263157896
454,-0.3680650037792895,33,2015,D,51.382514,-0.31372905263157896
456,0.02898771183277349,33,2016,D,51.382514,-0.31372905263157896
458,-0.13881986575448557,33,2017,D,51.382514,-0.31372905263157896
460,0.14916841833536165,33,2018,D,51.382514,-0.31372905263157896
462,0.11775257609143241,33,2019,D,51.382514,-0.31372905263157896
464,0.09527104959630917,33,2020,D,51.382514,-0.31372905263157896
466,-0.10784748010610079,33,2021,D,51.382514,-0.31372905263157896
451,-0.14177399252181133,33,2013,S,51.382514,-0.31372905263157896
453,0.3020377071034088,33,2014,S,51.382514,-0.31372905263157896
455,-0.11998604813393787,33,2015,S,51.382514,-0.31372905263157896
457,0.5692307692307694,33,2016,S,51.382514,-0.31372905263157896
459,-0.25567443255674427,33,2017,S,51.382514,-0.31372905263157896
461,0.2901785714285714,33,2018,S,51.382514,-0.31372905263157896
463,0.06637004078605857,33,2019,S,51.382514,-0.31372905263157896
465,0.06407048008171601,33,2020,S,51.382514,-0.31372905263157896
467,-0.10364528566421305,33,2021,S,51.382514,-0.31372905263157896
474,0.00897761529111829,35,2013,D,51.363800373626376,-0.4375648681318681
476,0.1214621059691483,35,2014,D,51.363800373626376,-0.4375648681318681
478,0.12781915994206483,35,2015,D,51.363800373626376,-0.4375648681318681
480,0.3928512870962453,35,2016,D,51.363800373626376,-0.4375648681318681
482,-0.1060492438445193,35,2017,D,51.363800373626376,-0.4375648681318681
484,-0.23187022900763354,35,2018,D,51.363800373626376,-0.4375648681318681
486,-0.3192715392903068,35,2019,D,51.363800373626376,-0.4375648681318681
488,0.07988643421169384,35,2020,D,51.363800373626376,-0.4375648681318681
490,0.13653530377668321,35,2021,D,51.363800373626376,-0.4375648681318681
475,-0.02529824561403493,35,2013,F,51.363800373626376,-0.4375648681318681
477,0.1279347426094779,35,2014,F,51.363800373626376,-0.4375648681318681
479,-0.15398981324278438,35,2015,F,51.363800373626376,-0.4375648681318681
481,0.46200194678780004,35,2016,F,51.363800373626376,-0.4375648681318681
483,-0.07137835660882219,35,2017,F,51.363800373626376,-0.4375648681318681
485,0.042323747680890644,35,2018,F,51.363800373626376,-0.4375648681318681
487,-0.4177385345282024,35,2019,F,51.363800373626376,-0.4375648681318681
489,-0.03403435653473352,35,2020,F,51.363800373626376,-0.4375648681318681
491,-0.013481152993348178,35,2021,F,51.363800373626376,-0.4375648681318681
495,-0.30158907027556725,37,2013,D,51.356714781818184,-0.4593908909090909
496,0.05848771785371221,37,2014,D,51.356714781818184,-0.4593908909090909
497,-0.07010582010582023,37,2015,D,51.356714781818184,-0.4593908909090909
498,0.045761995349820284,37,2016,D,51.356714781818184,-0.4593908909090909
499,0.0803865425912671,37,2017,D,51.356714781818184,-0.4593908909090909
500,0.18201865988125543,37,2018,D,51.356714781818184,-0.4593908909090909
501,0.12852004110996917,37,2019,D,51.356714781818184,-0.4593908909090909
502,-0.19851004493105395,37,2020,D,51.356714781818184,-0.4593908909090909
503,-0.08965517241379306,37,2021,D,51.356714781818184,-0.4593908909090909
507,-0.262110745614035,38,2013,F,51.37335479680365,-0.4575132420091326
508,-0.21378929950358527,38,2014,F,51.37335479680365,-0.4575132420091326
509,-0.027568922305764465,38,2015,F,51.37335479680365,-0.4575132420091326
510,0.24718737646593758,38,2016,F,51.37335479680365,-0.4575132420091326
511,-0.13769977448769466,38,2017,F,51.37335479680365,-0.4575132420091326
512,0.19830573738929536,38,2018,F,51.37335479680365,-0.4575132420091326
513,-0.2890149552864886,38,2019,F,51.37335479680365,-0.4575132420091326
514,-0.20778945134245985,38,2020,F,51.37335479680365,-0.4575132420091326
515,-0.25337662337662337,38,2021,F,51.37335479680365,-0.4575132420091326
522,-0.41972018654230503,39,2013,F,51.32912934707904,-0.4107047800687285
524,0.38272749714692256,39,2014,F,51.32912934707904,-0.4107047800687285
526,-0.19624006597690813,39,2015,F,51.32912934707904,-0.4107047800687285
528,-0.10699999999999998,39,2016,F,51.32912934707904,-0.4107047800687285
530,-0.3756770405908717,39,2017,F,51.32912934707904,-0.4107047800687285
532,-0.11977779580136172,39,2018,F,51.32912934707904,-0.4107047800687285
534,0.5225089471567792,39,2019,F,51.32912934707904,-0.4107047800687285
536,0.5066354999245966,39,2020,F,51.32912934707904,-0.4107047800687285
538,-0.002086360682851951,39,2021,F,51.32912934707904,-0.4107047800687285
523,0.21273438727945382,39,2013,S,51.32912934707904,-0.4107047800687285
525,0.24522934692426213,39,2014,S,51.32912934707904,-0.4107047800687285
527,-0.12451888809693501,39,2015,S,51.32912934707904,-0.4107047800687285
529,-0.267032967032967,39,2016,S,51.32912934707904,-0.4107047800687285
531,0.0525200310157663,39,2017,S,51.32912934707904,-0.4107047800687285
533,-0.17719780219780223,39,2018,S,51.32912934707904,-0.4107047800687285
535,0.05254515599343179,39,2019,S,51.32912934707904,-0.4107047800687285
537,-0.19250491781415668,39,2020,S,51.32912934707904,-0.4107047800687285
539,0.1898550724637682,39,2021,S,51.32912934707904,-0.4107047800687285
546,0.14204554237312994,40,2013,D,51.362816264705884,-0.3475417794117647
548,0.07380464052014024,40,2014,D,51.362816264705884,-0.3475417794117647
550,-0.07407407407407418,40,2015,D,51.362816264705884,-0.3475417794117647
552,-0.2527172687502819,40,2016,D,51.362816264705884,-0.3475417794117647
554,-0.08528386006543709,40,2017,D,51.362816264705884,-0.3475417794117647
556,-0.09332096071495055,40,2018,D,51.362816264705884,-0.3475417794117647
558,-0.031130414817082452,40,2019,D,51.362816264705884,-0.3475417794117647
560,-0.281012392196894,40,2020,D,51.362816264705884,-0.3475417794117647
562,0.11355441322007698,40,2021,D,51.362816264705884,-0.3475417794117647
547,0.22594496021220167,40,2013,S,51.362816264705884,-0.3475417794117647
549,-0.021288135593220403,40,2014,S,51.362816264705884,-0.3475417794117647
551,-0.08420268256333818,40,2015,S,51.362816264705884,-0.3475417794117647
553,-0.2210034877653584,40,2016,S,51.362816264705884,-0.3475417794117647
555,-0.09417808219178081,40,2017,S,51.362816264705884,-0.3475417794117647
557,-0.07449494949494939,40,2018,S,51.362816264705884,-0.3475417794117647
559,0.11361316147038303,40,2019,S,51.362816264705884,-0.3475417794117647
561,-0.10720809514422769,40,2020,S,51.362816264705884,-0.3475417794117647
563,0.10170940170940179,40,2021,S,51.362816264705884,-0.3475417794117647
573,0.09115927072583419,43,2013,F,51.390589098039214,-0.40610349019607844
576,0.11995631995632006,43,2014,F,51.390589098039214,-0.40610349019607844
579,-0.08642024909602242,43,2015,F,51.390589098039214,-0.40610349019607844
582,-0.0407142857142857,43,2016,F,51.390589098039214,-0.40610349019607844
585,0.04148905529953928,43,2017,F,51.390589098039214,-0.40610349019607844
588,0.07044442142339169,43,2018,F,51.390589098039214,-0.40610349019607844
591,-0.015875180490935392,43,2019,F,51.390589098039214,-0.40610349019607844
594,-0.08469576942524859,43,2020,F,51.390589098039214,-0.40610349019607844
597,0.030058027079303717,43,2021,F,51.390589098039214,-0.40610349019607844
574,0.1393103448275863,43,2013,S,51.390589098039214,-0.40610349019607844
577,-0.04511731708788225,43,2014,S,51.390589098039214,-0.40610349019607844
580,0.05949233209941829,43,2015,S,51.390589098039214,-0.40610349019607844
583,0.16947496947496954,43,2016,S,51.390589098039214,-0.40610349019607844
586,0.19649355959926407,43,2017,S,51.390589098039214,-0.40610349019607844
589,-0.18382352941176472,43,2018,S,51.390589098039214,-0.40610349019607844
592,-0.1098608590441622,43,2019,S,51.390589098039214,-0.40610349019607844
595,0.005551047484792626,43,2020,S,51.390589098039214,-0.40610349019607844
598,0.18472222222222223,43,2021,S,51.390589098039214,-0.40610349019607844
575,0.0032075754262446132,43,2013,T,51.390589098039214,-0.40610349019607844
578,0.088080881482419,43,2014,T,51.390589098039214,-0.40610349019607844
581,-0.15272058823529422,43,2015,T,51.390589098039214,-0.40610349019607844
584,0.15888888888888886,43,2016,T,51.390589098039214,-0.40610349019607844
587,-0.11917278994015623,43,2017,T,51.390589098039214,-0.40610349019607844
590,-0.022950369840133655,43,2018,T,51.390589098039214,-0.40610349019607844
593,-0.03355245255997141,43,2019,T,51.390589098039214,-0.40610349019607844
596,0.0007876230661041372,43,2020,T,51.390589098039214,-0.40610349019607844
599,0.05040013016620515,43,2021,T,51.390589098039214,-0.40610349019607844
609,-0.20048184416834114,45,2013,D,51.38085624590164,-0.39579937704918033
612,0.5698879551820728,45,2014,D,51.38085624590164,-0.39579937704918033
615,-0.021374177916233972,45,2015,D,51.38085624590164,-0.39579937704918033
618,0.17457930540637312,45,2016,D,51.38085624590164,-0.39579937704918033
621,0.11013860870696957,45,2017,D,51.38085624590164,-0.39579937704918033
624,-0.1264780721448885,45,2018,D,51.38085624590164,-0.39579937704918033
627,0.04331820049085189,45,2019,D,51.38085624590164,-0.39579937704918033
630,-0.07779738307477246,45,2020,D,51.38085624590164,-0.39579937704918033
633,0.02234482758620704,45,2021,D,51.38085624590164,-0.39579937704918033
610,0.3078817733990149,45,2013,S,51.38085624590164,-0.39579937704918033
613,-0.07273117356790393,45,2014,S,51.38085624590164,-0.39579937704918033
616,0.09660460069163546,45,2015,S,51.38085624590164,-0.39579937704918033
619,-0.11740890688259098,45,2016,S,51.38085624590164,-0.39579937704918033
622,0.12321322215604535,45,2017,S,51.38085624590164,-0.39579937704918033
625,-0.003504672897196359,45,2018,S,51.38085624590164,-0.39579937704918033
628,-0.09942528735632195,45,2019,S,51.38085624590164,-0.39579937704918033
631,-0.10702815812218536,45,2020,S,51.38085624590164,-0.39579937704918033
634,0.03888888888888897,45,2021,S,51.38085624590164,-0.39579937704918033
611,-0.05607811217415892,45,2013,T,51.38085624590164,-0.39579937704918033
614,-0.0645201589337474,45,2014,T,51.38085624590164,-0.39579937704918033
617,0.004626865671641722,45,2015,T,51.38085624590164,-0.39579937704918033
620,0.08670033670033672,45,2016,T,51.38085624590164,-0.39579937704918033
623,0.11520480193043148,45,2017,T,51.38085624590164,-0.39579937704918033
626,0.049080239009816395,45,2018,T,51.38085624590164,-0.39579937704918033
629,-0.11341781363708281,45,2019,T,51.38085624590164,-0.39579937704918033
632,-0.17077731092436976,45,2020,T,51.38085624590164,-0.39579937704918033
635,-0.11553036404164563,45,2021,T,51.38085624590164,-0.39579937704918033
639,0.016390061529104827,46,2013,D,51.369139,-0.36984252272727275
640,0.07923544558052087,46,2014,D,51.369139,-0.36984252272727275
641,-0.17053872053872055,46,2015,D,51.369139,-0.36984252272727275
642,0.040231899260720905,46,2016,D,51.369139,-0.36984252272727275
643,-0.006179676704757275,46,2017,D,51.369139,-0.36984252272727275
644,-0.17663767086809867,46,2018,D,51.369139,-0.36984252272727275
645,-0.20719424460431646,46,2019,D,51.369139,-0.36984252272727275
646,0.15270694703220666,46,2020,D,51.369139,-0.36984252272727275
647,-0.0771551724137931,46,2021,D,51.369139,-0.36984252272727275
654,-0.11997833128777913,48,2013,D,51.38268899090909,-0.41721247272727274
656,0.21479246450814293,48,2014,D,51.38268899090909,-0.41721247272727274
658,-0.2415343915343916,48,2015,D,51.38268899090909,-0.41721247272727274
660,-0.18988648090815285,48,2016,D,51.38268899090909,-0.41721247272727274
662,-0.28988653034340284,48,2017,D,51.38268899090909,-0.41721247272727274
664,-0.15820712740335552,48,2018,D,51.38268899090909,-0.41721247272727274
666,-5.1387461459384554e-05,48,2019,D,51.38268899090909,-0.41721247272727274
668,0.553865967384052,48,2020,D,51.38268899090909,-0.41721247272727274
670,0.3985071725692959,48,2021,D,51.38268899090909,-0.41721247272727274
655,0.06371457489878551,48,2013,F,51.38268899090909,-0.41721247272727274
657,-0.4716742716742717,48,2014,F,51.38268899090909,-0.41721247272727274
659,-0.13492822966507179,48,2015,F,51.38268899090909,-0.41721247272727274
661,-0.06662790697674414,48,2016,F,51.38268899090909,-0.41721247272727274
663,0.10391961085509482,48,2017,F,51.38268899090909,-0.41721247272727274
665,-0.41378756226900204,48,2018,F,51.38268899090909,-0.41721247272727274
667,-0.2183556911381389,48,2019,F,51.38268899090909,-0.41721247272727274
669,0.025094051417191454,48,2020,F,51.38268899090909,-0.41721247272727274
671,0.902020202020202,48,2021,F,51.38268899090909,-0.41721247272727274
678,0.005999637313140349,49,2013,D,51.33503464583333,-0.40724525
680,0.14513136288998374,49,2014,D,51.33503464583333,-0.40724525
682,-0.08597883597883604,49,2015,D,51.33503464583333,-0.40724525
684,0.030920932468156748,49,2016,D,51.33503464583333,-0.40724525
686,0.11586388184867502,49,2017,D,51.33503464583333,-0.40724525
688,0.07270723578109894,49,2018,D,51.33503464583333,-0.40724525
690,-0.15528882528058152,49,2019,D,51.33503464583333,-0.40724525
692,0.23604939138987935,49,2020,D,51.33503464583333,-0.40724525
694,0.1819866186309831,49,2021,D,51.33503464583333,-0.40724525
679,0.03720508166969161,49,2013,S,51.33503464583333,-0.40724525
681,-0.13728813559322028,49,2014,S,51.33503464583333,-0.40724525
683,-0.048618266978922575,49,2015,S,51.33503464583333,-0.40724525
685,-0.14243881118881108,49,2016,S,51.33503464583333,-0.40724525
687,-0.15857202158572026,49,2017,S,51.33503464583333,-0.40724525
689,-0.023190045248868696,49,2018,S,51.33503464583333,-0.40724525
691,0.002528189586916696,49,2019,S,51.33503464583333,-0.40724525
693,0.023702514713750622,49,2020,S,51.33503464583333,-0.40724525
695,-0.010015970796258156,49,2021,S,51.33503464583333,-0.40724525
702,-0.1412917731221256,50,2013,F,51.37309777108434,-0.4394809397590361
704,-0.24440154440154438,50,2014,F,51.37309777108434,-0.4394809397590361
706,0.119302297313723,50,2015,F,51.37309777108434,-0.4394809397590361
708,0.019270251843013675,50,2016,F,51.37309777108434,-0.4394809397590361
710,0.03067174760723157,50,2017,F,51.37309777108434,-0.4394809397590361
712,-0.17162930746068916,50,2018,F,51.37309777108434,-0.4394809397590361
714,-0.01956577705311946,50,2019,F,51.37309777108434,-0.4394809397590361
716,-0.07653776169660964,50,2020,F,51.37309777108434,-0.4394809397590361
718,0.0557366771159874,50,2021,F,51.37309777108434,-0.4394809397590361
703,0.15712572894325705,50,2013,T,51.37309777108434,-0.4394809397590361
705,0.2927124347025094,50,2014,T,51.37309777108434,-0.4394809397590361
707,0.4606451612903226,50,2015,T,51.37309777108434,-0.4394809397590361
709,-0.143719806763285,50,2016,T,51.37309777108434,-0.4394809397590361
711,-0.41681333196542625,50,2017,T,51.37309777108434,-0.4394809397590361
713,-0.09758234519104092,50,2018,T,51.37309777108434,-0.4394809397590361
715,-0.0023273309323730285,50,2019,T,51.37309777108434,-0.4394809397590361
717,0.281003963011889,50,2020,T,51.37309777108434,-0.4394809397590361
719,-0.23866481506071202,50,2021,T,51.37309777108434,-0.4394809397590361
726,0.28321380800557194,51,2013,D,51.40145998901099,-0.3464605714285714
728,-0.10082815734989636,51,2014,D,51.40145998901099,-0.3464605714285714
730,0.45255189536461127,51,2015,D,51.40145998901099,-0.3464605714285714
732,0.07670175438596494,51,2016,D,51.40145998901099,-0.3464605714285714
734,-0.2789717461787865,51,2017,D,51.40145998901099,-0.3464605714285714
736,0.30391815273510514,51,2018,D,51.40145998901099,-0.3464605714285714
738,-0.14299671374011902,51,2019,D,51.40145998901099,-0.3464605714285714
740,0.19481442859174303,51,2020,D,51.40145998901099,-0.3464605714285714
742,-0.0014198782961460932,51,2021,D,51.40145998901099,-0.3464605714285714
727,-0.18806464981351012,51,2013,F,51.40145998901099,-0.3464605714285714
729,-0.19958894255472204,51,2014,F,51.40145998901099,-0.3464605714285714
731,0.408895881006865,51,2015,F,51.40145998901099,-0.3464605714285714
733,0.37997267759562847,51,2016,F,51.40145998901099,-0.3464605714285714
735,0.11961405529953928,51,2017,F,51.40145998901099,-0.3464605714285714
737,-0.1731156462585033,51,2018,F,51.40145998901099,-0.3464605714285714
739,-0.03568004183978857,51,2019,F,51.40145998901099,-0.3464605714285714
741,0.03295128939828085,51,2020,F,51.40145998901099,-0.3464605714285714
743,0.06765066394279884,51,2021,F,51.40145998901099,-0.3464605714285714
750,-0.027313757327242172,52,2013,S,51.36635228431373,-0.39929525490196077
752,0.03969299648225122,52,2014,S,51.36635228431373,-0.39929525490196077
754,0.15497032338680117,52,2015,S,51.36635228431373,-0.39929525490196077
756,-0.024592925322852288,52,2016,S,51.36635228431373,-0.39929525490196077
758,-0.143527963988471,52,2017,S,51.36635228431373,-0.39929525490196077
760,0.07838983050847448,52,2018,S,51.36635228431373,-0.39929525490196077
762,0.11762452107279686,52,2019,S,51.36635228431373,-0.39929525490196077
764,0.05520434621558201,52,2020,S,51.36635228431373,-0.39929525490196077
766,-0.05430359937402196,52,2021,S,51.36635228431373,-0.39929525490196077
751,0.009947891217587879,52,2013,T,51.36635228431373,-0.39929525490196077
753,0.08777371706735715,52,2014,T,51.36635228431373,-0.39929525490196077
755,0.0978445229681979,52,2015,T,51.36635228431373,-0.39929525490196077
757,-0.037802840434419505,52,2016,T,51.36635228431373,-0.39929525490196077
759,-0.01480779382302666,52,2017,T,51.36635228431373,-0.39929525490196077
761,-0.13171481166808285,52,2018,T,51.36635228431373,-0.39929525490196077
763,0.07051453308596156,52,2019,T,51.36635228431373,-0.39929525490196077
765,-0.02115299334811538,52,2020,T,51.36635228431373,-0.39929525490196077
767,0.16735370345780654,52,2021,T,51.36635228431373,-0.39929525490196077
771,0.13157279016936263,53,2013,D,51.3323445,-0.3583524107142857
772,-0.4227539884107352,53,2014,D,51.3323445,-0.3583524107142857
773,0.27181964573268913,53,2015,D,51.3323445,-0.3583524107142857
774,-0.43429785311383884,53,2016,D,51.3323445,-0.3583524107142857
775,0.3560669943432557,53,2017,D,51.3323445,-0.3583524107142857
776,-0.19032557307791176,53,2018,D,51.3323445,-0.3583524107142857
777,0.12656371717912296,53,2019,D,51.3323445,-0.3583524107142857
778,-0.2747035051110699,53,2020,D,51.3323445,-0.3583524107142857
779,0.08766112151591932,53,2021,D,51.3323445,-0.3583524107142857
786,0.13639522801768655,54,2013,F,51.365251066666666,-0.4599605333333333
788,0.17940797940797948,54,2014,F,51.365251066666666,-0.4599605333333333
790,-0.13526807673389074,54,2015,F,51.365251066666666,-0.4599605333333333
792,-0.11397435897435892,54,2016,F,51.365251066666666,-0.4599605333333333
794,-0.19117428585852014,54,2017,F,51.365251066666666,-0.4599605333333333
796,0.02734859125836575,54,2018,F,51.365251066666666,-0.4599605333333333
798,-0.13542842039990655,54,2019,F,51.365251066666666,-0.4599605333333333
800,0.10080843225542369,54,2020,F,51.365251066666666,-0.4599605333333333
802,-0.06514724711907816,54,2021,F,51.365251066666666,-0.4599605333333333
787,0.348355385362787,54,2013,T,51.365251066666666,-0.4599605333333333
789,-0.13096058125652266,54,2014,T,51.365251066666666,-0.4599605333333333
791,0.2945092460881933,54,2015,T,51.365251066666666,-0.4599605333333333
793,-0.0411111111111111,54,2016,T,51.365251066666666,-0.4599605333333333
795,-0.24222002082004102,54,2017,T,51.365251066666666,-0.4599605333333333
797,-0.12299893205179546,54,2018,T,51.365251066666666,-0.4599605333333333
799,-0.39918243661100805,54,2019,T,51.365251066666666,-0.4599605333333333
801,0.023269817875565924,54,2020,T,51.365251066666666,-0.4599605333333333
803,0.039411654961885256,54,2021,T,51.365251066666666,-0.4599605333333333
807,-0.07723623013325343,57,2013,D,51.36253063414634,-0.36109936585365854
808,-0.1367965367965367,57,2014,D,51.36253063414634,-0.36109936585365854
809,-0.00606641123882512,57,2015,D,51.36253063414634,-0.36109936585365854
810,-0.27729473067554655,57,2016,D,51.36253063414634,-0.36109936585365854
811,-0.23610036033631387,57,2017,D,51.36253063414634,-0.36109936585365854
812,-0.13544165757906212,57,2018,D,51.36253063414634,-0.36109936585365854
813,0.36295500912702683,57,2019,D,51.36253063414634,-0.36109936585365854
814,0.15742643806748724,57,2020,D,51.36253063414634,-0.36109936585365854
815,0.16034482758620694,57,2021,D,51.36253063414634,-0.36109936585365854
822,0.15640221380267327,58,2013,D,51.386052802631575,-0.34646278947368425
824,-0.08114543114543116,58,2014,D,51.386052802631575,-0.34646278947368425
826,0.25780076018739506,58,2015,D,51.386052802631575,-0.34646278947368425
828,0.22776057791537663,58,2016,D,51.386052802631575,-0.34646278947368425
830,0.18099274836154455,58,2017,D,51.386052802631575,-0.34646278947368425
832,-0.1859777340786275,58,2018,D,51.386052802631575,-0.34646278947368425
834,-0.2754544072059425,58,2019,D,51.386052802631575,-0.34646278947368425
836,0.04258879491621226,58,2020,D,51.386052802631575,-0.34646278947368425
838,0.044706061066383196,58,2021,D,51.386052802631575,-0.34646278947368425
823,0.007444049562962407,58,2013,S,51.386052802631575,-0.34646278947368425
825,0.04377441796290649,58,2014,S,51.386052802631575,-0.34646278947368425
827,-0.17953096539162106,58,2015,S,51.386052802631575,-0.34646278947368425
829,0.11339031339031358,58,2016,S,51.386052802631575,-0.34646278947368425
831,-0.008475741054656982,58,2017,S,51.386052802631575,-0.34646278947368425
833,0.04058282208588948,58,2018,S,51.386052802631575,-0.34646278947368425
835,-0.10607162405191972,58,2019,S,51.386052802631575,-0.34646278947368425
837,-0.14593705382084554,58,2020,S,51.386052802631575,-0.34646278947368425
839,-0.10509500500026314,58,2021,S,51.386052802631575,-0.34646278947368425
846,0.00904242986320436,59,2013,F,51.407044625,-0.3690349659090909
848,0.0009400705052879932,59,2014,F,51.407044625,-0.3690349659090909
850,0.00011907597046922902,59,2015,F,51.407044625,-0.3690349659090909
852,-0.004377593360995746,59,2016,F,51.407044625,-0.3690349659090909
854,-0.13848779655231258,59,2017,F,51.407044625,-0.3690349659090909
856,0.0793054063730756,59,2018,F,51.407044625,-0.3690349659090909
858,0.0021539385900770647,59,2019,F,51.407044625,-0.3690349659090909
860,0.09262870875311946,59,2020,F,51.407044625,-0.3690349659090909
862,-0.0182879893828799,59,2021,F,51.407044625,-0.3690349659090909
847,0.07573109335523509,59,2013,T,51.407044625,-0.3690349659090909
849,-0.06183818412204989,59,2014,T,51.407044625,-0.3690349659090909
851,0.05499999999999994,59,2015,T,51.407044625,-0.3690349659090909
853,0.0032181571815717014,59,2016,T,51.407044625,-0.3690349659090909
855,-0.10149837133550488,59,2017,T,51.407044625,-0.3690349659090909
857,-0.07287878787878799,59,2018,T,51.407044625,-0.3690349659090909
859,0.09256633603161935,59,2019,T,51.407044625,-0.3690349659090909
861,0.11476190476190462,59,2020,T,51.407044625,-0.3690349659090909
863,0.10793683978562374,59,2021,T,51.407044625,-0.3690349659090909
870,-0.03471861780233931,60,2013,D,51.37218083720931,-0.4301230930232558
872,0.7228181979111348,60,2014,D,51.37218083720931,-0.4301230930232558
874,0.3730428679408271,60,2015,D,51.37218083720931,-0.4301230930232558
876,-0.042827657378740946,60,2016,D,51.37218083720931,-0.4301230930232558
878,-0.2855444098729675,60,2017,D,51.37218083720931,-0.4301230930232558
880,-0.23554669959586882,60,2018,D,51.37218083720931,-0.4301230930232558
882,0.1886390887290168,60,2019,D,51.37218083720931,-0.4301230930232558
884,0.15832597811399163,60,2020,D,51.37218083720931,-0.4301230930232558
886,0.06857267568747272,60,2021,D,51.37218083720931,-0.4301230930232558
871,0.09350022621022469,60,2013,F,51.37218083720931,-0.4301230930232558
873,-0.057030943987465665,60,2014,F,51.37218083720931,-0.4301230930232558
875,0.5407149950347567,60,2015,F,51.37218083720931,-0.4301230930232558
877,-0.21750000000000003,60,2016,F,51.37218083720931,-0.4301230930232558
879,-0.008713866778382817,60,2017,F,51.37218083720931,-0.4301230930232558
881,-0.4007994950557542,60,2018,F,51.37218083720931,-0.4301230930232558
883,-0.15674952353919147,60,2019,F,51.37218083720931,-0.4301230930232558
885,-0.08798366995131268,60,2020,F,51.37218083720931,-0.4301230930232558
887,0.20805194805194793,60,2021,F,51.37218083720931,-0.4301230930232558
897,-0.003751886362433954,61,2013,D,51.37594242666667,-0.34056248
900,-0.0014946124435175623,61,2014,D,51.37594242666667,-0.34056248
903,0.09851244687310245,61,2015,D,51.37594242666667,-0.34056248
906,0.21377262052769708,61,2016,D,51.37594242666667,-0.34056248
909,0.03441016247591411,61,2017,D,51.37594242666667,-0.34056248
912,-0.1334257845631891,61,2018,D,51.37594242666667,-0.34056248
915,0.06456070045062856,61,2019,D,51.37594242666667,-0.34056248
918,0.09595833481967686,61,2020,D,51.37594242666667,-0.34056248
921,0.03664319535244376,61,2021,D,51.37594242666667,-0.34056248
898,0.0837320574162681,61,2013,F,51.37594242666667,-0.34056248
901,-0.07165138706988938,61,2014,F,51.37594242666667,-0.34056248
904,-0.14661654135338353,61,2015,F,51.37594242666667,-0.34056248
907,0.0050000000000001155,61,2016,F,51.37594242666667,-0.34056248
910,-0.026635944700460712,61,2017,F,51.37594242666667,-0.34056248
913,-0.06530612244897949,61,2018,F,51.37594242666667,-0.34056248
916,-0.15807466898198397,61,2019,F,51.37594242666667,-0.34056248
919,-0.062286805839814385,61,2020,F,51.37594242666667,-0.34056248
922,0.07932125307125293,61,2021,F,51.37594242666667,-0.34056248
899,0.07958159256718855,61,2013,S,51.37594242666667,-0.34056248
902,0.10505420674912203,61,2014,S,51.37594242666667,-0.34056248
905,0.19147154497729413,61,2015,S,51.37594242666667,-0.34056248
908,-0.10305664203969278,61,2016,S,51.37594242666667,-0.34056248
911,-0.13192976004412982,61,2017,S,51.37594242666667,-0.34056248
914,0.0383986928104576,61,2018,S,51.37594242666667,-0.34056248
917,0.0319876647042332,61,2019,S,51.37594242666667,-0.34056248
920,0.018587876265778736,61,2020,S,51.37594242666667,-0.34056248
923,-0.09069912609238451,61,2021,S,51.37594242666667,-0.34056248
930,0.08242039325505912,62,2013,D,51.366799593220335,-0.45234381355932207
932,-0.20473912052859422,62,2014,D,51.366799593220335,-0.45234381355932207
934,-0.07361870066788101,62,2015,D,51.366799593220335,-0.45234381355932207
936,0.2760863697705802,62,2016,D,51.366799593220335,-0.45234381355932207
938,0.09434758155230605,62,2017,D,51.366799593220335,-0.45234381355932207
940,-0.22437622421147052,62,2018,D,51.366799593220335,-0.45234381355932207
942,-0.05863457382242354,62,2019,D,51.366799593220335,-0.45234381355932207
944,0.38705848920983565,62,2020,D,51.366799593220335,-0.45234381355932207
946,0.37556221889055474,62,2021,D,51.366799593220335,-0.45234381355932207
931,0.02736842105263171,62,2013,F,51.366799593220335,-0.45234381355932207
933,0.01559845559845563,62,2014,F,51.366799593220335,-0.45234381355932207
935,0.11478163493840987,62,2015,F,51.366799593220335,-0.45234381355932207
937,-0.021666666666666723,62,2016,F,51.366799593220335,-0.45234381355932207
939,-0.12637953444405037,62,2017,F,51.366799593220335,-0.45234381355932207
941,-0.07699443413729123,62,2018,F,51.366799593220335,-0.45234381355932207
943,-0.07964329643296442,62,2019,F,51.366799593220335,-0.45234381355932207
945,-0.05544650065696777,62,2020,F,51.366799593220335,-0.45234381355932207
947,0.021054018445322842,62,2021,F,51.366799593220335,-0.45234381355932207
960,-0.45048184416834114,63,2013,D,51.36699270652174,-0.4063882934782609
964,0.07826657011223581,63,2014,D,51.36699270652174,-0.4063882934782609
968,-0.03156761412575371,63,2015,D,51.36699270652174,-0.4063882934782609
972,0.27481940144478845,63,2016,D,51.36699270652174,-0.4063882934782609
976,0.3666295031705107,63,2017,D,51.36699270652174,-0.4063882934782609
980,-0.03600408727534998,63,2018,D,51.36699270652174,-0.4063882934782609
984,-0.10168243358069451,63,2019,D,51.36699270652174,-0.4063882934782609
988,-0.20276816608996528,63,2020,D,51.36699270652174,-0.4063882934782609
992,0.5757860040567953,63,2021,D,51.36699270652174,-0.4063882934782609
961,-0.08334185932120008,63,2013,F,51.36699270652174,-0.4063882934782609
965,-0.23862717858044957,63,2014,F,51.36699270652174,-0.4063882934782609
969,-0.04329804681675853,63,2015,F,51.36699270652174,-0.4063882934782609
973,0.2428005449050823,63,2016,F,51.36699270652174,-0.4063882934782609
977,0.10108598578215999,63,2017,F,51.36699270652174,-0.4063882934782609
981,0.3324271286145739,63,2018,F,51.36699270652174,-0.4063882934782609
985,0.058000381727955075,63,2019,F,51.36699270652174,-0.4063882934782609
989,-0.12372949265415634,63,2020,F,51.36699270652174,-0.4063882934782609
993,-0.05159090909090913,63,2021,F,51.36699270652174,-0.4063882934782609
962,-0.0993227814036608,63,2013,S,51.36699270652174,-0.4063882934782609
966,0.13148235621005822,63,2014,S,51.36699270652174,-0.4063882934782609
970,-0.07859869750729831,63,2015,S,51.36699270652174,-0.4063882934782609
974,0.1452179867610135,63,2016,S,51.36699270652174,-0.4063882934782609
978,-0.022100412870264652,63,2017,S,51.36699270652174,-0.4063882934782609
982,0.022222222222222143,63,2018,S,51.36699270652174,-0.4063882934782609
986,0.3154022988505747,63,2019,S,51.36699270652174,-0.4063882934782609
990,0.05984677732124477,63,2020,S,51.36699270652174,-0.4063882934782609
994,0.05152004304546676,63,2021,S,51.36699270652174,-0.4063882934782609
963,0.6397839567913584,63,2013,T,51.36699270652174,-0.4063882934782609
967,0.05677850545954599,63,2014,T,51.36699270652174,-0.4063882934782609
971,-0.04301332108406064,63,2015,T,51.36699270652174,-0.4063882934782609
975,-0.29134366925064614,63,2016,T,51.36699270652174,-0.4063882934782609
979,0.04165952340133705,63,2017,T,51.36699270652174,-0.4063882934782609
983,0.11073795509047302,63,2018,T,51.36699270652174,-0.4063882934782609
987,0.0013445726116534384,63,2019,T,51.36699270652174,-0.4063882934782609
991,-0.004285714285714226,63,2020,T,51.36699270652174,-0.4063882934782609
995,0.13301143015001604,63,2021,T,51.36699270652174,-0.4063882934782609
999,0.11403508771929838,64,2013,F,51.38370396774194,-0.42781877419354836
1000,0.19691950014530657,64,2014,F,51.38370396774194,-0.42781877419354836
1001,0.114807171960708,64,2015,F,51.38370396774194,-0.42781877419354836
1002,-0.08714285714285719,64,2016,F,51.38370396774194,-0.42781877419354836
1003,-0.1673266825340558,64,2017,F,51.38370396774194,-0.42781877419354836
1004,-0.2036455607884179,64,2018,F,51.38370396774194,-0.42781877419354836
1005,-0.038563484226391664,64,2019,F,51.38370396774194,-0.42781877419354836
1006,-0.16760972041939093,64,2020,F,51.38370396774194,-0.42781877419354836
1007,0.11788583509513739,64,2021,F,51.38370396774194,-0.42781877419354836
1011,-0.062323949431499104,65,2013,D,51.36161937837838,-0.4251097837837838
1012,-0.0023809523809523725,65,2014,D,51.36161937837838,-0.4251097837837838
1013,0.1213478874769196,65,2015,D,51.36161937837838,-0.4251097837837838
1014,0.23524720893141948,65,2016,D,51.36161937837838,-0.4251097837837838
1015,-0.2561384708568234,65,2017,D,51.36161937837838,-0.4251097837837838
1016,-0.3310460531834577,65,2018,D,51.36161937837838,-0.4251097837837838
1017,-0.16255138746145936,65,2019,D,51.36161937837838,-0.4251097837837838
1018,0.2465014746522376,65,2020,D,51.36161937837838,-0.4251097837837838
1019,0.4967470938751588,65,2021,D,51.36161937837838,-0.4251097837837838
1029,-0.004908927501674487,67,2013,D,51.3881694691358,-0.32596602469135805
1032,-0.06285714285714272,67,2014,D,51.3881694691358,-0.32596602469135805
1035,0.2000805152979066,67,2015,D,51.3881694691358,-0.32596602469135805
1038,0.0672230117172441,67,2016,D,51.3881694691358,-0.32596602469135805
1041,-0.10872550814869064,67,2017,D,51.3881694691358,-0.32596602469135805
1044,-0.09661381875122332,67,2018,D,51.3881694691358,-0.32596602469135805
1047,-0.20887491687322401,67,2019,D,51.3881694691358,-0.32596602469135805
1050,0.2845365863194731,67,2020,D,51.3881694691358,-0.32596602469135805
1053,0.12354279712935412,67,2021,D,51.3881694691358,-0.32596602469135805
1030,-0.1118400976502898,67,2013,S,51.3881694691358,-0.32596602469135805
1033,0.4298785810784469,67,2014,S,51.3881694691358,-0.32596602469135805
1036,0.0992130831827116,67,2015,S,51.3881694691358,-0.32596602469135805
1039,0.15715249662618103,67,2016,S,51.3881694691358,-0.32596602469135805
1042,-0.3073604457190754,67,2017,S,51.3881694691358,-0.32596602469135805
1045,-0.060153583617747364,67,2018,S,51.3881694691358,-0.32596602469135805
1048,0.02115009943708479,67,2019,S,51.3881694691358,-0.32596602469135805
1051,0.06048196333530442,67,2020,S,51.3881694691358,-0.32596602469135805
1054,-0.052136752136752174,67,2021,S,51.3881694691358,-0.32596602469135805
1031,0.24570988271728433,67,2013,T,51.3881694691358,-0.32596602469135805
1034,0.0918051122914938,67,2014,T,51.3881694691358,-0.32596602469135805
1037,0.22357459379615952,67,2015,T,51.3881694691358,-0.32596602469135805
1040,-0.10971446306641841,67,2016,T,51.3881694691358,-0.32596602469135805
1043,-0.14958912311400918,67,2017,T,51.3881694691358,-0.32596602469135805
1046,-0.1841228070175439,67,2018,T,51.3881694691358,-0.32596602469135805
1049,0.08942687074829925,67,2019,T,51.3881694691358,-0.32596602469135805
1052,-0.10860986547085205,67,2020,T,51.3881694691358,-0.32596602469135805
1055,0.01772407382817698,67,2021,T,51.3881694691358,-0.32596602469135805
1059,0.1452973766108796,68,2013,D,51.36316361904762,-0.4132536666666667
1060,-0.019258322798145766,68,2014,D,51.36316361904762,-0.4132536666666667
1061,-0.09296296296296291,68,2015,D,51.36316361904762,-0.4132536666666667
1062,-0.13206420306084365,68,2016,D,51.36316361904762,-0.4132536666666667
1063,-0.14448672540467755,68,2017,D,51.36316361904762,-0.4132536666666667
1064,-0.20236712341757146,68,2018,D,51.36316361904762,-0.4132536666666667
1065,-0.060031817989835146,68,2019,D,51.36316361904762,-0.4132536666666667
1066,-0.06687964900648524,68,2020,D,51.36316361904762,-0.4132536666666667
1067,0.2408169305904988,68,2021,D,51.36316361904762,-0.4132536666666667
1071,-0.10639501980758337,69,2013,F,51.379131131578944,-0.36938936842105263
1072,-0.6177354228871115,69,2014,F,51.379131131578944,-0.36938936842105263
1073,-0.7339181286549707,69,2015,F,51.379131131578944,-0.36938936842105263
1074,-0.6660795454545454,69,2016,F,51.379131131578944,-0.36938936842105263
1075,-0.04333697562829575,69,2017,F,51.379131131578944,-0.36938936842105263
1076,0.8775510204081634,69,2018,F,51.379131131578944,-0.36938936842105263
1077,0.1302879750446988,69,2019,F,51.379131131578944,-0.36938936842105263
1078,0.6415748383203372,69,2020,F,51.379131131578944,-0.36938936842105263
1079,-0.40409090909090917,69,2021,F,51.379131131578944,-0.36938936842105263
1089,0.06517749649099946,71,2013,D,51.367032574468084,-0.4454354255319149
1092,0.031526309807932806,71,2014,D,51.367032574468084,-0.4454354255319149
1095,0.22102580108198078,71,2015,D,51.367032574468084,-0.4454354255319149
1098,0.04529713010850833,71,2016,D,51.367032574468084,-0.4454354255319149
1101,-0.1647183525136281,71,2017,D,51.367032574468084,-0.4454354255319149
1104,-0.03733056201448948,71,2018,D,51.367032574468084,-0.4454354255319149
1107,-0.188240220302332,71,2019,D,51.367032574468084,-0.4454354255319149
1110,-0.010394299547300756,71,2020,D,51.367032574468084,-0.4454354255319149
1113,-0.13727422003284073,71,2021,D,51.367032574468084,-0.4454354255319149
1090,-0.3478999405292893,71,2013,F,51.367032574468084,-0.4454354255319149
1093,-0.34524405419387316,71,2014,F,51.367032574468084,-0.4454354255319149
1096,-0.02946864419036621,71,2015,F,51.367032574468084,-0.4454354255319149
1099,0.07800931957109936,71,2016,F,51.367032574468084,-0.4454354255319149
1102,0.059197388632872716,71,2017,F,51.367032574468084,-0.4454354255319149
1105,-0.10657596371882083,71,2018,F,51.367032574468084,-0.4454354255319149
1108,-0.0033029700926380245,71,2019,F,51.367032574468084,-0.4454354255319149
1111,0.03140330178218176,71,2020,F,51.367032574468084,-0.4454354255319149
1114,0.10153409090909082,71,2021,F,51.367032574468084,-0.4454354255319149
1091,0.3626410996485012,71,2013,T,51.367032574468084,-0.4454354255319149
1094,0.17142267591163352,71,2014,T,51.367032574468084,-0.4454354255319149
1097,0.22018941176470586,71,2015,T,51.367032574468084,-0.4454354255319149
1100,-0.21259625962596274,71,2016,T,51.367032574468084,-0.4454354255319149
1103,0.4846627661052534,71,2017,T,51.367032574468084,-0.4454354255319149
1106,-0.08351306225201416,71,2018,T,51.367032574468084,-0.4454354255319149
1109,0.30288130424583626,71,2019,T,51.367032574468084,-0.4454354255319149
1112,-0.14833333333333332,71,2020,T,51.367032574468084,-0.4454354255319149
1115,-0.1449772623942861,71,2021,T,51.367032574468084,-0.4454354255319149
1119,-0.25898078529657476,72,2013,F,51.37166147368421,-0.4629734912280702
1120,0.13251005574765373,72,2014,F,51.37166147368421,-0.4629734912280702
1121,-0.0212623020967051,72,2015,F,51.37166147368421,-0.4629734912280702
1122,-0.33499999999999996,72,2016,F,51.37166147368421,-0.4629734912280702
1123,-0.5466359447004607,72,2017,F,51.37166147368421,-0.4629734912280702
1124,-0.26021422095346236,72,2018,F,51.37166147368421,-0.4629734912280702
1125,0.8860429780768395,72,2019,F,51.37166147368421,-0.4629734912280702
1126,0.258176514623506,72,2020,F,51.37166147368421,-0.4629734912280702
1127,-0.01660020277120655,72,2021,F,51.37166147368421,-0.4629734912280702
1140,-0.008439161241511783,73,2013,D,51.39153473873874,-0.3356007297297297
1144,-0.09255311986863712,73,2014,D,51.39153473873874,-0.3356007297297297
1148,0.30590496156533886,73,2015,D,51.39153473873874,-0.3356007297297297
1152,-0.010692285443744565,73,2016,D,51.39153473873874,-0.3356007297297297
1156,-0.005833776688296544,73,2017,D,51.39153473873874,-0.3356007297297297
1160,-0.2555244733140518,73,2018,D,51.39153473873874,-0.3356007297297297
1164,0.15119819038386306,73,2019,D,51.39153473873874,-0.3356007297297297
1168,0.14375589808115774,73,2020,D,51.39153473873874,-0.3356007297297297
1172,0.11221739567959221,73,2021,D,51.39153473873874,-0.3356007297297297
1141,-0.004177970699945632,73,2013,F,51.39153473873874,-0.3356007297297297
1145,0.20414567109482373,73,2014,F,51.39153473873874,-0.3356007297297297
1149,0.16852631578947364,73,2015,F,51.39153473873874,-0.3356007297297297
1153,0.29396755162241894,73,2016,F,51.39153473873874,-0.3356007297297297
1157,-0.0789436370081531,73,2017,F,51.39153473873874,-0.3356007297297297
1161,-0.07992497410486821,73,2018,F,51.39153473873874,-0.3356007297297297
1165,-0.05892176989748432,73,2019,F,51.39153473873874,-0.3356007297297297
1169,0.026581862646688492,73,2020,F,51.39153473873874,-0.3356007297297297
1173,0.0076196172248803595,73,2021,F,51.39153473873874,-0.3356007297297297
1142,0.14045999794948916,73,2013,S,51.39153473873874,-0.3356007297297297
1146,0.1582275594740441,73,2014,S,51.39153473873874,-0.3356007297297297
1150,0.06724799441925366,73,2015,S,51.39153473873874,-0.3356007297297297
1154,0.09965241045791151,73,2016,S,51.39153473873874,-0.3356007297297297
1158,-0.15234003591928724,73,2017,S,51.39153473873874,-0.3356007297297297
1162,-0.03240740740740744,73,2018,S,51.39153473873874,-0.3356007297297297
1166,-0.21771245524778604,73,2019,S,51.39153473873874,-0.3356007297297297
1170,-0.06832272911872217,73,2020,S,51.39153473873874,-0.3356007297297297
1174,0.022504708097928594,73,2021,S,51.39153473873874,-0.3356007297297297
1143,0.5238301995659249,73,2013,T,51.39153473873874,-0.3356007297297297
1147,0.1945400651558884,73,2014,T,51.39153473873874,-0.3356007297297297
1151,-0.12204081632653074,73,2015,T,51.39153473873874,-0.3356007297297297
1155,-0.39714714714714716,73,2016,T,51.39153473873874,-0.3356007297297297
1159,0.1113998665278415,73,2017,T,51.39153473873874,-0.3356007297297297
1163,0.00033632749987089205,73,2018,T,51.39153473873874,-0.3356007297297297
1167,0.26465217114883344,73,2019,T,51.39153473873874,-0.3356007297297297
1171,0.002561205273069689,73,2020,T,51.39153473873874,-0.3356007297297297
1175,-0.12944010527630068,73,2021,T,51.39153473873874,-0.3356007297297297
1179,0.4866773706626295,75,2013,D,51.36752443478261,-0.37814652173913044
1180,-0.22152380952380946,75,2014,D,51.36752443478261,-0.37814652173913044
1181,-0.21078431372549034,75,2015,D,51.36752443478261,-0.37814652173913044
1182,-0.27165426655644354,75,2016,D,51.36752443478261,-0.37814652173913044
1183,0.007953712263699897,75,2017,D,51.36752443478261,-0.37814652173913044
1184,0.1539993362097578,75,2018,D,51.36752443478261,-0.37814652173913044
1185,0.27457371119678853,75,2019,D,51.36752443478261,-0.37814652173913044
1186,-0.04866299045080502,75,2020,D,51.36752443478261,-0.37814652173913044
1187,-0.21034482758620687,75,2021,D,51.36752443478261,-0.37814652173913044
1197,-0.2526315789473683,78,2013,F,51.333425828125,-0.41830303125
1200,-0.17297297297297298,78,2014,F,51.333425828125,-0.41830303125
1203,-0.49546619357382216,78,2015,F,51.333425828125,-0.41830303125
1206,0.04127659574468079,78,2016,F,51.333425828125,-0.41830303125
1209,0.31563678257226657,78,2017,F,51.333425828125,-0.41830303125
1212,-0.009241432422025353,78,2018,F,51.333425828125,-0.41830303125
1215,1.5941662273765596,78,2019,F,51.333425828125,-0.41830303125
1218,-0.2968359446442723,78,2020,F,51.333425828125,-0.41830303125
1221,0.010909090909090868,78,2021,F,51.333425828125,-0.41830303125
1198,-0.016978903507332888,78,2013,S,51.333425828125,-0.41830303125
1201,0.1090233398166156,78,2014,S,51.333425828125,-0.41830303125
1204,0.1405793846844825,78,2015,S,51.333425828125,-0.41830303125
1207,-0.019496021220159143,78,2016,S,51.333425828125,-0.41830303125
1210,0.24200913242009126,78,2017,S,51.333425828125,-0.41830303125
1213,-0.030660377358490587,78,2018,S,51.333425828125,-0.41830303125
1216,0.05422582826233935,78,2019,S,51.333425828125,-0.41830303125
1219,-0.13820224719101126,78,2020,S,51.333425828125,-0.41830303125
1222,0.1371647509578544,78,2021,S,51.333425828125,-0.41830303125
1199,0.1997839567913584,78,2013,T,51.333425828125,-0.41830303125
1202,0.15390700866060003,78,2014,T,51.333425828125,-0.41830303125
1205,0.1399999999999999,78,2015,T,51.333425828125,-0.41830303125
1208,-0.03298611111111116,78,2016,T,51.333425828125,-0.41830303125
1211,0.11168789236035503,78,2017,T,51.333425828125,-0.41830303125
1214,0.030172270651722677,78,2018,T,51.333425828125,-0.41830303125
1217,0.11489955982392952,78,2019,T,51.333425828125,-0.41830303125
1220,-0.08688361831218983,78,2020,T,51.333425828125,-0.41830303125
1223,-0.05291920102562431,78,2021,T,51.333425828125,-0.41830303125
1230,0.15352578941944506,79,2013,D,51.3302021025641,-0.36963333333333337
1232,0.07771023302938196,79,2014,D,51.3302021025641,-0.36963333333333337
1234,0.15127544763306355,79,2015,D,51.3302021025641,-0.36963333333333337
1236,-0.04538520213577413,79,2016,D,51.3302021025641,-0.36963333333333337
1238,0.10187414589705224,79,2017,D,51.3302021025641,-0.36963333333333337
1240,0.25720744089527914,79,2018,D,51.3302021025641,-0.36963333333333337
1242,0.23619199878192698,79,2019,D,51.3302021025641,-0.36963333333333337
1244,0.013048827374086969,79,2020,D,51.3302021025641,-0.36963333333333337
1246,-0.3138544606700209,79,2021,D,51.3302021025641,-0.36963333333333337
1231,0.6761853448275863,79,2013,S,51.3302021025641,-0.36963333333333337
1233,-0.1061193044243891,79,2014,S,51.3302021025641,-0.36963333333333337
1235,0.07548714217503028,79,2015,S,51.3302021025641,-0.36963333333333337
1237,-0.3210702341137124,79,2016,S,51.3302021025641,-0.36963333333333337
1239,-0.03662928770268792,79,2017,S,51.3302021025641,-0.36963333333333337
1241,-0.014999999999999902,79,2018,S,51.3302021025641,-0.36963333333333337
1243,0.12360742705570282,79,2019,S,51.3302021025641,-0.36963333333333337
1245,0.3986909566924839,79,2020,S,51.3302021025641,-0.36963333333333337
1247,0.17447447447447462,79,2021,S,51.3302021025641,-0.36963333333333337
1251,-0.20806212072118369,80,2013,T,51.37791144444444,-0.45680615555555554
1252,0.028474780977701064,80,2014,T,51.37791144444444,-0.45680615555555554
1253,-0.08447876447876457,80,2015,T,51.37791144444444,-0.45680615555555554
1254,0.08010254249192306,80,2016,T,51.37791144444444,-0.45680615555555554
1255,-0.16267484192374027,80,2017,T,51.37791144444444,-0.45680615555555554
1256,0.009981060606060632,80,2018,T,51.37791144444444,-0.45680615555555554
1257,0.06381596849266025,80,2019,T,51.37791144444444,-0.45680615555555554
1258,0.022121212121211986,80,2020,T,51.37791144444444,-0.45680615555555554
1259,-0.06680081304965113,80,2021,T,51.37791144444444,-0.45680615555555554
1266,0.18413354044704344,81,2013,D,51.382270440677964,-0.35649867796610174
1268,-0.16803444782168175,81,2014,D,51.382270440677964,-0.35649867796610174
1270,-0.01457154205143496,81,2015,D,51.382270440677964,-0.35649867796610174
1272,0.06314450247756787,81,2016,D,51.382270440677964,-0.35649867796610174
1274,0.1134815374840148,81,2017,D,51.382270440677964,-0.35649867796610174
1276,-0.22096418873917711,81,2018,D,51.382270440677964,-0.35649867796610174
1278,-0.05878154619161813,81,2019,D,51.382270440677964,-0.35649867796610174
1280,-0.24622554904314664,81,2020,D,51.382270440677964,-0.35649867796610174
1282,0.3206983629397422,81,2021,D,51.382270440677964,-0.35649867796610174
1267,0.9539991415080844,81,2013,S,51.382270440677964,-0.35649867796610174
1269,-0.015549005158437712,81,2014,S,51.382270440677964,-0.35649867796610174
1271,0.010694401484689253,81,2015,S,51.382270440677964,-0.35649867796610174
1273,0.09833846153846171,81,2016,S,51.382270440677964,-0.35649867796610174
1275,0.12601764734558585,81,2017,S,51.382270440677964,-0.35649867796610174
1277,-0.026177310024973144,81,2018,S,51.382270440677964,-0.35649867796610174
1279,-0.102593246806441,81,2019,S,51.382270440677964,-0.35649867796610174
1281,-0.1810593900481542,81,2020,S,51.382270440677964,-0.35649867796610174
1283,-0.03232323232323231,81,2021,S,51.382270440677964,-0.35649867796610174
1287,0.15277902539687616,82,2013,D,51.323530875,-0.39676845833333335
1288,0.09056523767120384,82,2014,D,51.323530875,-0.39676845833333335
1289,-0.21296296296296302,82,2015,D,51.323530875,-0.39676845833333335
1290,-0.10425399782642453,82,2016,D,51.323530875,-0.39676845833333335
1291,-0.37889116600151007,82,2017,D,51.323530875,-0.39676845833333335
1292,0.12293746330005884,82,2018,D,51.323530875,-0.39676845833333335
1293,-0.23735297476304662,82,2019,D,51.323530875,-0.39676845833333335
1294,0.22547562240015995,82,2020,D,51.323530875,-0.39676845833333335
1295,-0.09606643120972735,82,2021,D,51.323530875,-0.39676845833333335
1305,-0.01586687306501533,84,2013,F,51.388496236363636,-0.3190816909090909
1308,0.10907830907830918,84,2014,F,51.388496236363636,-0.3190816909090909
1311,0.09941520467836251,84,2015,F,51.388496236363636,-0.3190816909090909
1314,0.19287234042553192,84,2016,F,51.388496236363636,-0.3190816909090909
1317,-0.43163594470046074,84,2017,F,51.388496236363636,-0.3190816909090909
1320,-0.05578231292517,84,2018,F,51.388496236363636,-0.3190816909090909
1323,-0.17042221968611448,84,2019,F,51.388496236363636,-0.3190816909090909
1326,-0.2009668392566899,84,2020,F,51.388496236363636,-0.3190816909090909
1329,0.003409090909090917,84,2021,F,51.388496236363636,-0.3190816909090909
1306,-0.29341692789968643,84,2013,S,51.388496236363636,-0.3190816909090909
1309,0.588518316019683,84,2014,S,51.388496236363636,-0.3190816909090909
1312,-0.2413819518921403,84,2015,S,51.388496236363636,-0.3190816909090909
1315,-0.014285714285714235,84,2016,S,51.388496236363636,-0.3190816909090909
1318,-0.1449731351953143,84,2017,S,51.388496236363636,-0.3190816909090909
1321,0.3798034934497816,84,2018,S,51.388496236363636,-0.3190816909090909
1324,0.11573424905804353,84,2019,S,51.388496236363636,-0.3190816909090909
1327,-0.05506079982259027,84,2020,S,51.388496236363636,-0.3190816909090909
1330,-0.27539820726123676,84,2021,S,51.388496236363636,-0.3190816909090909
1307,0.12592430766855145,84,2013,T,51.388496236363636,-0.3190816909090909
1310,-0.044335734092629364,84,2014,T,51.388496236363636,-0.3190816909090909
1313,-0.08504854368932047,84,2015,T,51.388496236363636,-0.3190816909090909
1316,-0.03020202020202034,84,2016,T,51.388496236363636,-0.3190816909090909
1319,-0.21885441295209662,84,2017,T,51.388496236363636,-0.3190816909090909
1322,-0.2291109205260149,84,2018,T,51.388496236363636,-0.3190816909090909
1325,-0.09143280918924945,84,2019,T,51.388496236363636,-0.3190816909090909
1328,0.07643835616438355,84,2020,T,51.388496236363636,-0.3190816909090909
1331,0.2584137290005908,84,2021,T,51.388496236363636,-0.3190816909090909
1335,1.1833416852434235,87,2013,D,51.32909734285714,-0.4011122285714286
1336,0.359568392419779,87,2014,D,51.32909734285714,-0.4011122285714286
1337,0.3532425706338749,87,2015,D,51.32909734285714,-0.4011122285714286
1338,-0.6172149122807018,87,2016,D,51.32909734285714,-0.4011122285714286
1339,-0.2933843994576206,87,2017,D,51.32909734285714,-0.4011122285714286
1340,-0.5466178630770342,87,2018,D,51.32909734285714,-0.4011122285714286
1341,0.32498568619153123,87,2019,D,51.32909734285714,-0.4011122285714286
1342,-0.2151642515366664,87,2020,D,51.32909734285714,-0.4011122285714286
1343,0.3292637465051258,87,2021,D,51.32909734285714,-0.4011122285714286
1350,0.7338066933810661,88,2013,D,51.357308878787876,-0.3398143787878788
1352,-0.06113671274961585,88,2014,D,51.357308878787876,-0.3398143787878788
1354,-0.15387205387205394,88,2015,D,51.357308878787876,-0.3398143787878788
1356,-0.21847902114653106,88,2016,D,51.357308878787876,-0.3398143787878788
1358,0.21051933115102184,88,2017,D,51.357308878787876,-0.3398143787878788
1360,-0.2763981260033417,88,2018,D,51.357308878787876,-0.3398143787878788
1362,0.20426550982951697,88,2019,D,51.357308878787876,-0.3398143787878788
1364,-0.08389561707035742,88,2020,D,51.357308878787876,-0.3398143787878788
1366,0.3056936647955093,88,2021,D,51.357308878787876,-0.3398143787878788
1351,0.16782575099005137,88,2013,S,51.357308878787876,-0.3398143787878788
1353,-0.22228813559322047,88,2014,S,51.357308878787876,-0.3398143787878788
1355,0.747348119575699,88,2015,S,51.357308878787876,-0.3398143787878788
1357,0.037081939799331165,88,2016,S,51.357308878787876,-0.3398143787878788
1359,-0.10390714623118957,88,2017,S,51.357308878787876,-0.3398143787878788
1361,-0.38636363636363635,88,2018,S,51.357308878787876,-0.3398143787878788
1363,0.06217432571742565,88,2019,S,51.357308878787876,-0.3398143787878788
1365,-0.022301187120340016,88,2020,S,51.357308878787876,-0.3398143787878788
1367,0.13540903540903537,88,2021,S,51.357308878787876,-0.3398143787878788
1371,0.5417747929998005,91,2013,D,51.332985962264154,-0.3874623018867924
1372,-0.16336996336996323,91,2014,D,51.332985962264154,-0.3874623018867924
1373,-0.3102602602602603,91,2015,D,51.332985962264154,-0.3874623018867924
1374,0.09397124823001413,91,2016,D,51.332985962264154,-0.3874623018867924
1375,-0.13779527559055116,91,2017,D,51.332985962264154,-0.3874623018867924
1376,0.055809411710929346,91,2018,D,51.332985962264154,-0.3874623018867924
1377,-0.11136091127098313,91,2019,D,51.332985962264154,-0.3874623018867924
1378,0.2413494809688581,91,2020,D,51.332985962264154,-0.3874623018867924
1379,0.07248576260365325,91,2021,D,51.332985962264154,-0.3874623018867924
1383,0.21057132604126383,93,2013,S,51.386529872340425,-0.4105697872340425
1384,0.07709146294953273,93,2014,S,51.386529872340425,-0.4105697872340425
1385,0.23264223722275812,93,2015,S,51.386529872340425,-0.4105697872340425
1386,-0.15064427957828963,93,2016,S,51.386529872340425,-0.4105697872340425
1387,0.0906045265038713,93,2017,S,51.386529872340425,-0.4105697872340425
1388,0.046428571428571486,93,2018,S,51.386529872340425,-0.4105697872340425
1389,-0.06870026525198947,93,2019,S,51.386529872340425,-0.4105697872340425
1390,0.04063592708284758,93,2020,S,51.386529872340425,-0.4105697872340425
1391,-0.06964769647696478,93,2021,S,51.386529872340425,-0.4105697872340425
1395,-0.056960229255153205,95,2013,T,51.40789935714286,-0.3632761904761905
1396,0.01586209497791824,95,2014,T,51.40789935714286,-0.3632761904761905
1397,-0.1876470588235295,95,2015,T,51.40789935714286,-0.3632761904761905
1398,-0.0277777777777779,95,2016,T,51.40789935714286,-0.3632761904761905
1399,0.028163333671261004,95,2017,T,51.40789935714286,-0.3632761904761905
1400,0.09270562770562774,95,2018,T,51.40789935714286,-0.3632761904761905
1401,0.043241805813234446,95,2019,T,51.40789935714286,-0.3632761904761905
1402,-0.022133188955062222,95,2020,T,51.40789935714286,-0.3632761904761905
1403,0.10614512645975593,95,2021,T,51.40789935714286,-0.3632761904761905
1407,0.20736842105263165,96,2013,F,51.38344771153846,-0.33422386538461535
1408,0.2321365160781219,96,2014,F,51.38344771153846,-0.33422386538461535
1409,0.15052631578947362,96,2015,F,51.38344771153846,-0.33422386538461535
1410,-0.0772222222222223,96,2016,F,51.38344771153846,-0.33422386538461535
1411,-0.40351906158357764,96,2017,F,51.38344771153846,-0.33422386538461535
1412,-0.19189342403628107,96,2018,F,51.38344771153846,-0.33422386538461535
1413,-0.039788223969196235,96,2019,F,51.38344771153846,-0.33422386538461535
1414,0.0726571717512221,96,2020,F,51.38344771153846,-0.33422386538461535
1415,0.13031207598371763,96,2021,F,51.38344771153846,-0.33422386538461535
1419,0.5530895844030874,98,2013,D,51.33953342857143,-0.39491045714285716
1420,-0.13162525879917175,98,2014,D,51.33953342857143,-0.39491045714285716
1421,-0.11296296296296293,98,2015,D,51.33953342857143,-0.39491045714285716
1422,-0.393483709273183,98,2016,D,51.33953342857143,-0.39491045714285716
1423,-0.10855157811155958,98,2017,D,51.33953342857143,-0.39491045714285716
1424,-0.2261884108258153,98,2018,D,51.33953342857143,-0.39491045714285716
1425,0.024672219735592416,98,2019,D,51.33953342857143,-0.39491045714285716
1426,0.026601334812943245,98,2020,D,51.33953342857143,-0.39491045714285716
1427,0.09744160177975525,98,2021,D,51.33953342857143,-0.39491045714285716
