,1y_ret,1y_ret_ward,Price,Year,Type,Ward
16,0.1022817600705127,0.09285714285714275,765000.0,2011,D,Claygate
32,0.13155929038282,0.16013071895424846,887500.0,2012,D,Claygate
48,-0.024569640062597875,0.030985915492957705,915000.0,2013,D,Claygate
64,0.01984469370146691,0.13387978142076506,1037500.0,2014,D,Claygate
80,-0.03390570154634276,-0.002409638554216831,1035000.0,2015,D,Claygate
96,-0.06106870229007644,0.0,1035000.0,2016,D,Claygate
112,0.11985194453133152,0.1594202898550725,1200000.0,2017,D,Claygate
128,-0.19721020761245678,-0.19374999999999998,967500.0,2018,D,Claygate
144,-0.055956517865098476,-0.09043927648578809,880000.0,2019,D,Claygate
160,0.1544237012987013,0.2258522727272727,1078750.0,2020,D,Claygate
176,-0.010459636925453708,0.042873696407879525,1125000.0,2021,D,Claygate
208,0.32456140350877194,0.29824561403508776,370000.0,2011,F,Claygate
224,-0.10716216216216212,-0.08013513513513515,340350.0,2012,F,Claygate
240,0.07121152374104067,0.12384310268840903,382500.0,2013,F,Claygate
256,-0.23336601307189542,-0.14836601307189545,325750.0,2014,F,Claygate
272,-0.016215680934815513,0.11281657712970072,362500.0,2015,F,Claygate
288,-0.07163969035890205,0.034482758620689724,375000.0,2016,F,Claygate
304,-0.12372496924969256,-0.0934666666666667,339950.0,2017,F,Claygate
320,0.44172337411830753,0.4266803941756141,485000.0,2018,F,Claygate
336,-0.03336457357075917,-0.05154639175257736,460000.0,2019,F,Claygate
352,-0.14130434782608692,-0.14130434782608692,395000.0,2020,F,Claygate
368,-0.12639474917955917,-0.11898734177215187,348000.0,2021,F,Claygate
400,0.10363774156877614,0.1208791208791209,510000.0,2011,S,Claygate
416,-0.19076105018278489,-0.1568627450980392,430000.0,2012,S,Claygate
432,0.19605413648494086,0.2616279069767442,542500.0,2013,S,Claygate
448,-0.09081885856079408,0.032258064516129004,560000.0,2014,S,Claygate
464,0.11393101761252455,0.2098214285714286,677500.0,2015,S,Claygate
480,-0.07716789667896662,0.010332103321033292,684500.0,2016,S,Claygate
496,0.00878651251437823,0.03177501826150464,706250.0,2017,S,Claygate
512,-0.10504126479069309,-0.09380530973451329,640000.0,2018,S,Claygate
528,0.15951388888888884,0.130625,723600.0,2019,S,Claygate
544,-0.0967328372123617,-0.03952459922609175,695000.0,2020,S,Claygate
560,-0.006618082157650473,0.043165467625899234,725000.0,2021,S,Claygate
592,-0.04843161856963618,-0.04843161856963618,379200.0,2011,T,Claygate
608,-0.12994687545103956,-0.129746835443038,330000.0,2012,T,Claygate
624,0.08666666666666667,0.16666666666666674,385000.0,2013,T,Claygate
640,0.16166426166426162,0.2987012987012987,500000.0,2014,T,Claygate
656,-0.09491856677524435,-0.020000000000000018,490000.0,2015,T,Claygate
672,-0.17486085343228186,-0.061224489795918324,460000.0,2016,T,Claygate
688,0.010026619343389553,0.0304347826086957,474000.0,2017,T,Claygate
704,0.17730126582278483,0.18143459915611815,560000.0,2018,T,Claygate
720,-0.04944183090843568,-0.0535714285714286,530000.0,2019,T,Claygate
736,0.17696726522391382,0.21698113207547176,645000.0,2020,T,Claygate
752,-0.11866428145497909,-0.09302325581395354,585000.0,2021,T,Claygate
17,0.2485550519959786,0.23913043478260865,997500.0,2011,D,Cobham and Downside
33,-0.12631578947368416,-0.09774436090225569,900000.0,2012,D,Cobham and Downside
49,0.046666666666666634,0.10222222222222221,992000.0,2013,D,Cobham and Downside
65,0.17124717034521808,0.28528225806451624,1275000.0,2014,D,Cobham and Downside
81,0.022621584066697675,0.054117647058823604,1344000.0,2015,D,Cobham and Downside
97,-0.18551066657579074,-0.1244419642857143,1176750.0,2016,D,Cobham and Downside
113,0.08216524294904426,0.12173358827278524,1320000.0,2017,D,Cobham and Downside
129,-0.12088445003669923,-0.11742424242424243,1165000.0,2018,D,Cobham and Downside
145,-0.008435696314932684,-0.0429184549356223,1115000.0,2019,D,Cobham and Downside
161,-0.06245996156310052,0.008968609865470878,1125000.0,2020,D,Cobham and Downside
177,-0.004444444444444251,0.04888888888888898,1180000.0,2021,D,Cobham and Downside
209,-0.13439849624060152,-0.1607142857142857,235000.0,2011,F,Cobham and Downside
225,0.31871765382403683,0.3457446808510638,316250.0,2012,F,Cobham and Downside
241,-0.3633035157062616,-0.31067193675889326,218000.0,2013,F,Cobham and Downside
257,0.03885321100917438,0.12385321100917435,245000.0,2014,F,Cobham and Downside
273,0.3301514154048715,0.4591836734693877,357500.0,2015,F,Cobham and Downside
289,-0.3312972741544169,-0.22517482517482512,277000.0,2016,F,Cobham and Downside
305,0.14844205842780456,0.17870036101083042,326500.0,2017,F,Cobham and Downside
321,-0.08143481485056847,-0.0964777947932619,295000.0,2018,F,Cobham and Downside
337,0.6283513097072418,0.6101694915254237,475000.0,2019,F,Cobham and Downside
353,-0.12631578947368416,-0.12631578947368416,415000.0,2020,F,Cobham and Downside
369,-0.24234716644355192,-0.2349397590361446,317500.0,2021,F,Cobham and Downside
401,-0.033241379310344765,-0.016000000000000014,369000.0,2011,S,Cobham and Downside
417,0.18561389003720552,0.2195121951219512,450000.0,2012,S,Cobham and Downside
433,-0.0044626593806922354,0.061111111111111116,477500.0,2013,S,Cobham and Downside
449,-0.08642770841723713,0.03664921465968596,495000.0,2014,S,Cobham and Downside
465,-0.021142936211429264,0.07474747474747478,532000.0,2015,S,Cobham and Downside
481,-0.08186090225563891,0.005639097744360999,535000.0,2016,S,Cobham and Downside
497,0.11906756901922866,0.14205607476635507,611000.0,2017,S,Cobham and Downside
513,-0.13562220710200634,-0.12438625204582654,535000.0,2018,S,Cobham and Downside
529,0.06776739356178607,0.03887850467289722,555800.0,2019,S,Cobham and Downside
545,-0.05864760466493135,-0.0014393666786614023,555000.0,2020,S,Cobham and Downside
561,0.09436059436059452,0.14414414414414423,635000.0,2021,S,Cobham and Downside
593,-0.030303030303030276,-0.030303030303030276,320000.0,2011,T,Cobham and Downside
609,0.015424959991998444,0.015625,325000.0,2012,T,Cobham and Downside
625,0.1661538461538461,0.24615384615384617,405000.0,2013,T,Cobham and Downside
641,-0.13487654320987663,0.002160493827160437,405875.0,2014,T,Cobham and Downside
657,0.1200306170867822,0.19494918386202653,485000.0,2015,T,Cobham and Downside
673,-0.18167760074976558,-0.06804123711340204,452000.0,2016,T,Cobham and Downside
689,0.3269369694780566,0.34734513274336276,609000.0,2017,T,Cobham and Downside
705,-0.21595599343185545,-0.21182266009852213,480000.0,2018,T,Cobham and Downside
721,-0.037537069003673706,-0.04166666666666663,460000.0,2019,T,Cobham and Downside
737,-0.08349212772112313,-0.04347826086956519,440000.0,2020,T,Cobham and Downside
753,0.053904428904429036,0.07954545454545459,475000.0,2021,T,Cobham and Downside
18,-0.06285071739466064,-0.0722753346080306,1213000.0,2011,D,Esher
34,0.07818867035684862,0.10676009892827709,1342500.0,2012,D,Esher
50,-0.008628181253879541,0.04692737430167604,1405500.0,2013,D,Esher
66,-0.018339605684435156,0.095695482034863,1540000.0,2014,D,Esher
82,-0.026625933121996015,0.004870129870129913,1547500.0,2015,D,Esher
98,-0.0861090900122089,-0.025040387722132462,1508750.0,2016,D,Esher
114,0.04328169610127963,0.08285004142502062,1633750.0,2017,D,Esher
130,0.03709067226512541,0.04055087987758221,1700000.0,2018,D,Esher
146,0.0021298174442190287,-0.032352941176470584,1645000.0,2019,D,Esher
162,-0.10790273556231,-0.03647416413373861,1585000.0,2020,D,Esher
178,-0.02178759200841207,0.03154574132492116,1635000.0,2021,D,Esher
210,-0.04775828460038989,-0.07407407407407407,250000.0,2011,F,Esher
226,-0.027027027027026973,0.0,250000.0,2012,F,Esher
242,0.6573684210526316,0.71,427500.0,2013,F,Esher
258,-0.2592690058479532,-0.17426900584795324,353000.0,2014,F,Esher
274,-0.26713424106734907,-0.13810198300283283,304250.0,2015,F,Esher
290,0.031839753156809314,0.1379622021364011,346225.0,2016,F,Esher
306,-0.1348867956150137,-0.10462849303198785,310000.0,2017,F,Esher
322,0.22472039929753218,0.20967741935483875,375000.0,2018,F,Esher
338,-0.2244848484848485,-0.2426666666666667,284000.0,2019,F,Esher
354,0.5933098591549295,0.5933098591549295,452500.0,2020,F,Esher
370,-0.2604460814405565,-0.25303867403314917,338000.0,2021,F,Esher
402,0.33016121809225263,0.3474025974025974,415000.0,2011,S,Esher
418,-0.2899224014702878,-0.25602409638554213,308750.0,2012,S,Esher
434,0.08746266675516012,0.15303643724696347,356000.0,2013,S,Esher
450,0.1268528522039758,0.24992977528089888,444975.0,2014,S,Esher
466,-0.15651179418268069,-0.06062138322377664,418000.0,2015,S,Esher
482,0.49144736842105274,0.5789473684210527,660000.0,2016,S,Esher
498,-0.2729885057471264,-0.25,495000.0,2017,S,Esher
514,-0.025377369197593924,-0.014141414141414121,488000.0,2018,S,Esher
530,0.028888888888888853,0.0,488000.0,2019,S,Esher
546,-0.0290320084780733,0.02817622950819665,501750.0,2020,S,Esher
562,0.05385371977300246,0.10363726955655217,553750.0,2021,S,Esher
594,0.32692307692307687,0.32692307692307687,431250.0,2011,T,Esher
610,-0.2523739530514798,-0.25217391304347825,322500.0,2012,T,Esher
626,0.43162790697674414,0.5116279069767442,487500.0,2013,T,Esher
642,-0.2857549857549858,-0.14871794871794874,415000.0,2014,T,Esher
658,0.009418782622345967,0.0843373493975903,450000.0,2015,T,Esher
674,-0.02474747474747474,0.0888888888888888,490000.0,2016,T,Esher
690,0.1020408163265305,0.12244897959183665,550000.0,2017,T,Esher
706,-0.167769696969697,-0.1636363636363637,460000.0,2018,T,Esher
722,0.026955684619514697,0.022826086956521774,470500.0,2019,T,Esher
738,-0.06764404751043152,-0.02763018065887357,457500.0,2020,T,Esher
754,0.17654476670870123,0.20218579234972678,550000.0,2021,T,Esher
19,-0.1297058175692387,-0.13913043478260867,495000.0,2011,D,Hersham Village
35,0.05021645021645038,0.07878787878787885,534000.0,2012,D,Hersham Village
51,-0.04431960049937578,0.011235955056179803,540000.0,2013,D,Hersham Village
67,0.043372319688109284,0.15740740740740744,625000.0,2014,D,Hersham Village
83,-0.015496062992125914,0.016000000000000014,635000.0,2015,D,Hersham Village
99,0.001923423694175641,0.06299212598425208,675000.0,2016,D,Hersham Village
115,0.17709832134292558,0.21666666666666656,821250.0,2017,D,Hersham Village
131,-0.12674787884533356,-0.12328767123287676,720000.0,2018,D,Hersham Village
147,-0.030100574712643713,-0.06458333333333333,673500.0,2019,D,Hersham Village
163,-0.03950578004030114,0.031922791388270255,695000.0,2020,D,Hersham Village
179,0.1840767386091129,0.23741007194244612,860000.0,2021,D,Hersham Village
211,-0.13314366998577531,-0.1594594594594595,155500.0,2011,F,Hersham Village
227,0.2591466064134875,0.2861736334405145,200000.0,2012,F,Hersham Village
243,-0.027881578947368313,0.02475000000000005,204950.0,2013,F,Hersham Village
259,0.012828738716760268,0.09782873871676023,225000.0,2014,F,Hersham Village
275,-0.1512544802867385,-0.022222222222222254,220000.0,2015,F,Hersham Village
291,0.23933209647495368,0.34545454545454546,296000.0,2016,F,Hersham Village
307,-0.1147177620424853,-0.08445945945945943,271000.0,2017,F,Hersham Village
323,0.14050423455523964,0.1254612546125462,305000.0,2018,F,Hersham Village
339,0.0673621460506707,0.049180327868852514,320000.0,2019,F,Hersham Village
355,0.08437500000000009,0.08437500000000009,347000.0,2020,F,Hersham Village
371,-0.24371864660049092,-0.2363112391930836,265000.0,2021,F,Hersham Village
403,-0.05656254000433669,-0.03932116069399194,317000.0,2011,S,Hersham Village
419,-0.02443458268726939,0.009463722397476282,320000.0,2012,S,Hersham Village
435,0.06723872950819665,0.1328125,362500.0,2013,S,Hersham Village
451,0.007888594164456197,0.13096551724137928,409975.0,2014,S,Hersham Village
467,0.0017374931815923311,0.09762790414049638,450000.0,2015,S,Hersham Village
483,0.005833333333333357,0.09333333333333327,492000.0,2016,S,Hersham Village
499,-0.024512895991028794,-0.0015243902439023849,491250.0,2017,S,Hersham Village
515,0.0880006861651943,0.0992366412213741,540000.0,2018,S,Hersham Village
531,0.09370370370370373,0.06481481481481488,575000.0,2019,S,Hersham Village
547,-0.05720823798626995,0.0,575000.0,2020,S,Hersham Village
563,-0.054131375870506204,-0.004347826086956497,572500.0,2021,S,Hersham Village
595,-0.05874443230523574,-0.05874443230523574,280000.0,2011,T,Hersham Village
611,0.12479995999199844,0.125,315000.0,2012,T,Hersham Village
627,0.1898412698412697,0.26984126984126977,400000.0,2013,T,Hersham Village
643,-0.20578703703703705,-0.06874999999999998,372500.0,2014,T,Hersham Village
659,-0.05008635201014355,0.02483221476510078,381750.0,2015,T,Hersham Village
675,0.03895040781091863,0.15258677144728217,440000.0,2016,T,Hersham Village
691,-0.04086270871985165,-0.020454545454545503,431000.0,2017,T,Hersham Village
707,0.02834926527455539,0.03248259860788871,445000.0,2018,T,Hersham Village
723,0.08952285608995925,0.08539325842696632,483000.0,2019,T,Hersham Village
739,-0.030697096665222467,0.009316770186335477,487500.0,2020,T,Hersham Village
755,0.0,0.02564102564102555,500000.0,2021,T,Hersham Village
20,0.1483135061022588,0.13888888888888884,717500.0,2011,D,Hinchley Wood and Weston Green
36,0.05853658536585371,0.08710801393728218,780000.0,2012,D,Hinchley Wood and Weston Green
52,-0.042735042735042805,0.012820512820512775,790000.0,2013,D,Hinchley Wood and Weston Green
68,-0.0124528092382854,0.10158227848101276,870250.0,2014,D,Hinchley Wood and Weston Green
84,0.07393341129687148,0.1054294742889974,962000.0,2015,D,Hinchley Wood and Weston Green
100,-0.025465791687165895,0.03560291060291054,996250.0,2016,D,Hinchley Wood and Weston Green
116,0.011874565592193687,0.05144291091593467,1047500.0,2017,D,Hinchley Wood and Weston Green
132,-0.10608550594181243,-0.10262529832935563,940000.0,2018,D,Hinchley Wood and Weston Green
148,0.1701210564930301,0.1356382978723405,1067500.0,2019,D,Hinchley Wood and Weston Green
164,-0.052693208430913296,0.0187353629976581,1087500.0,2020,D,Hinchley Wood and Weston Green
180,-0.00965517241379299,0.04367816091954024,1135000.0,2021,D,Hinchley Wood and Weston Green
212,-0.3115205761434855,-0.3378363656171697,151950.0,2011,F,Hinchley Wood and Weston Green
228,0.5853454639239437,0.6123724909509707,245000.0,2012,F,Hinchley Wood and Weston Green
244,-0.03222341568206222,0.020408163265306145,250000.0,2013,F,Hinchley Wood and Weston Green
260,-0.08899999999999997,-0.0040000000000000036,249000.0,2014,F,Hinchley Wood and Weston Green
276,0.16614846482704992,0.29518072289156616,322500.0,2015,F,Hinchley Wood and Weston Green
292,-0.05185888308811881,0.054263565891472965,340000.0,2016,F,Hinchley Wood and Weston Green
308,-0.11849359670067294,-0.08823529411764708,310000.0,2017,F,Hinchley Wood and Weston Green
324,0.031172012200757937,0.016129032258064502,315000.0,2018,F,Hinchley Wood and Weston Green
340,0.045165945165945076,0.026984126984126888,323500.0,2019,F,Hinchley Wood and Weston Green
356,0.1128284389489953,0.1128284389489953,360000.0,2020,F,Hinchley Wood and Weston Green
372,-0.11574074074074059,-0.10833333333333328,321000.0,2021,F,Hinchley Wood and Weston Green
404,0.11070557550301485,0.1279469548133596,574125.0,2011,S,Hinchley Wood and Weston Green
420,-0.05858805034927861,-0.024689745264532936,559950.0,2012,S,Hinchley Wood and Weston Green
436,0.06845605359963347,0.13402982409143682,635000.0,2013,S,Hinchley Wood and Weston Green
452,0.018655360387643816,0.1417322834645669,725000.0,2014,S,Hinchley Wood and Weston Green
468,-0.002821445441662629,0.09306896551724142,792475.0,2015,S,Hinchley Wood and Weston Green
484,0.06300947979431526,0.15050947979431517,911750.0,2016,S,Hinchley Wood and Weston Green
500,0.013479824387230499,0.03646833013435691,945000.0,2017,S,Hinchley Wood and Weston Green
516,-0.13292907674930154,-0.12169312169312174,830000.0,2018,S,Hinchley Wood and Weston Green
532,0.037322623828647816,0.008433734939758963,837000.0,2019,S,Hinchley Wood and Weston Green
548,-0.05362400859558902,0.0035842293906809264,840000.0,2020,S,Hinchley Wood and Weston Green
564,0.02164502164502169,0.0714285714285714,900000.0,2021,S,Hinchley Wood and Weston Green
596,0.01990049751243772,0.01990049751243772,410000.0,2011,T,Hinchley Wood and Weston Green
612,0.03638532584565701,0.03658536585365857,425000.0,2012,T,Hinchley Wood and Weston Green
628,-0.08588235294117652,-0.00588235294117645,422500.0,2013,T,Hinchley Wood and Weston Green
644,0.006099057637519056,0.14313609467455612,482975.0,2014,T,Hinchley Wood and Weston Green
660,0.11665449601268474,0.19157306278792907,575500.0,2015,T,Hinchley Wood and Weston Green
676,0.007128188926625256,0.12076455256298879,645000.0,2016,T,Hinchley Wood and Weston Green
692,-0.13978800822654647,-0.11937984496124032,568000.0,2017,T,Hinchley Wood and Weston Green
708,-0.10184460093896708,-0.09771126760563376,512500.0,2018,T,Hinchley Wood and Weston Green
724,0.12608081717518815,0.12195121951219523,575000.0,2019,T,Hinchley Wood and Weston Green
740,-0.013926910329818742,0.026086956521739202,590000.0,2020,T,Hinchley Wood and Weston Green
756,0.050630160799652435,0.07627118644067798,635000.0,2021,T,Hinchley Wood and Weston Green
21,0.03442461721336987,0.02499999999999991,666250.0,2011,D,Long Ditton
37,0.03709461270436898,0.06566604127579745,710000.0,2012,D,Long Ditton
53,0.2120500782472614,0.267605633802817,900000.0,2013,D,Long Ditton
69,-0.1362573099415204,-0.022222222222222254,880000.0,2014,D,Long Ditton
85,0.029299391553328613,0.06079545454545454,933500.0,2015,D,Long Ditton
101,0.11691844286257491,0.17798714515265135,1099651.0,2016,D,Long Ditton
117,-0.15292340070040145,-0.11335505537666046,975000.0,2017,D,Long Ditton
133,0.14756543341318418,0.15102564102564098,1122250.0,2018,D,Long Ditton
149,-0.03435217120778,-0.06883492982846962,1045000.0,2019,D,Long Ditton
165,-0.11688311688311681,-0.045454545454545414,997500.0,2020,D,Long Ditton
181,-0.01824561403508751,0.03508771929824572,1032500.0,2021,D,Long Ditton
213,0.42912140069612914,0.40280561122244496,350000.0,2011,F,Long Ditton
229,-0.2841698841698841,-0.2571428571428571,260000.0,2012,F,Long Ditton
245,0.02813765182186234,0.0807692307692307,281000.0,2013,F,Long Ditton
261,0.12941281138790028,0.21441281138790025,341250.0,2014,F,Long Ditton
277,-0.1373839064161646,-0.008351648351648366,338400.0,2015,F,Long Ditton
293,0.09216360302986448,0.19828605200945626,405500.0,2016,F,Long Ditton
309,-0.1794568229282787,-0.14919852034525283,345000.0,2017,F,Long Ditton
325,0.058521240812258624,0.04347826086956519,360000.0,2018,F,Long Ditton
341,-0.0026515151515151825,-0.02083333333333337,352500.0,2019,F,Long Ditton
357,-0.08510638297872342,-0.08510638297872342,322500.0,2020,F,Long Ditton
373,0.2096468561584841,0.21705426356589141,392500.0,2021,F,Long Ditton
405,-0.14767616191904043,-0.13043478260869568,420000.0,2011,S,Long Ditton
421,0.07312550443906396,0.10702380952380963,464950.0,2012,S,Long Ditton
437,-0.10848161004444346,-0.042907839552640104,445000.0,2013,S,Long Ditton
453,0.22405790838375106,0.34713483146067414,599475.0,2014,S,Long Ditton
469,-0.03663022496282409,0.05926018599607996,635000.0,2015,S,Long Ditton
485,-0.024507874015747833,0.06299212598425208,675000.0,2016,S,Long Ditton
501,-0.05854406130268197,-0.03555555555555556,651000.0,2017,S,Long Ditton
517,0.17616803879942688,0.1874039938556067,773000.0,2018,S,Long Ditton
533,0.05411527957452911,0.025226390685640254,792500.0,2019,S,Long Ditton
549,-0.12976344303358855,-0.0725552050473186,735000.0,2020,S,Long Ditton
565,-0.025974025974025983,0.023809523809523725,752500.0,2021,S,Long Ditton
597,0.003112033195020736,0.003112033195020736,483500.0,2011,T,Long Ditton
613,0.07529116991960971,0.07549120992761127,520000.0,2012,T,Long Ditton
629,-0.17375000000000007,-0.09375,471250.0,2013,T,Long Ditton
645,0.009912565084978953,0.14694960212201602,540500.0,2014,T,Long Ditton
661,0.03507218253095368,0.10999074930619801,599950.0,2015,T,Long Ditton
677,-0.16772420428975132,-0.054087840653387786,567500.0,2016,T,Long Ditton
693,0.06667377506068495,0.08708193832599109,616919.0,2017,T,Long Ditton
709,-0.06397749439823808,-0.059844161064904755,580000.0,2018,T,Long Ditton
725,0.11619856318023425,0.11206896551724133,645000.0,2019,T,Long Ditton
741,-0.01675805289806953,0.023255813953488413,660000.0,2020,T,Long Ditton
757,-0.01806526806526798,0.007575757575757569,665000.0,2021,T,Long Ditton
22,0.06411211721336996,0.0546875,675000.0,2011,D,Molesey East
38,0.1343915343915345,0.16296296296296298,785000.0,2012,D,Molesey East
54,0.12915782024062272,0.1847133757961783,930000.0,2013,D,Molesey East
70,0.29456706281833633,0.4086021505376345,1310000.0,2014,D,Molesey East
86,-0.377870490473042,-0.34637442748091607,856249.5,2015,D,Molesey East
102,0.16520938604749347,0.2262780883375699,1050000.0,2016,D,Molesey East
118,-0.1443302500856457,-0.10476190476190472,940000.0,2017,D,Molesey East
134,0.1880291540896708,0.1914893617021276,1120000.0,2018,D,Molesey East
150,0.05010775862068961,0.015625,1137500.0,2019,D,Molesey East
166,0.016483516483516425,0.08791208791208782,1237500.0,2020,D,Molesey East
182,-0.08121212121212107,-0.027878787878787836,1203000.0,2021,D,Molesey East
214,0.06600276543790995,0.03968697596422577,232500.0,2011,F,Molesey East
230,-0.1238012205754141,-0.09677419354838712,210000.0,2012,F,Molesey East
246,0.11379699248120301,0.16642857142857137,244950.0,2013,F,Molesey East
262,0.03767809757093299,0.12267809757093295,275000.0,2014,F,Molesey East
278,-0.06721407624633446,0.06181818181818177,292000.0,2015,F,Molesey East
294,0.02743919485602464,0.13356164383561642,331000.0,2016,F,Molesey East
310,0.026992452703983094,0.05725075528700896,349950.0,2017,F,Molesey East
326,0.05804912367751269,0.04300614373481926,365000.0,2018,F,Molesey East
342,-0.029763387297633837,-0.047945205479452024,347500.0,2019,F,Molesey East
358,-0.13669064748201443,-0.13669064748201443,300000.0,2020,F,Molesey East
374,0.2359259259259261,0.2433333333333334,373000.0,2021,F,Molesey East
406,-0.01278372700722441,0.004457652303120341,338000.0,2011,S,Molesey East
422,0.3862200381105205,0.4201183431952662,480000.0,2012,S,Molesey East
438,-0.024011270491803405,0.04156249999999995,499950.0,2013,S,Molesey East
454,-0.12542715810042548,-0.0023502350235024005,498775.0,2014,S,Molesey East
470,-0.12350807423392784,-0.027617663275023796,485000.0,2015,S,Molesey East
486,0.29394329896907223,0.38144329896907214,670000.0,2016,S,Molesey East
502,-0.0752273117172757,-0.052238805970149294,635000.0,2017,S,Molesey East
518,0.008409714235158683,0.019645669291338486,647475.0,2018,S,Molesey East
534,-0.10235169955081924,-0.1312405884397081,562500.0,2019,S,Molesey East
550,0.0850139842359523,0.14222222222222225,642500.0,2020,S,Molesey East
566,0.07862111947715067,0.12840466926070038,725000.0,2021,S,Molesey East
598,-0.022950819672131195,-0.022950819672131195,298000.0,2011,T,Molesey East
614,0.07865902039468309,0.07885906040268464,321500.0,2012,T,Molesey East
630,-0.031788491446345324,0.04821150855365475,337000.0,2013,T,Molesey East
646,0.0350697878887789,0.17210682492581597,395000.0,2014,T,Molesey East
662,-0.02301983259802909,0.051898734177215244,415500.0,2015,T,Molesey East
678,-0.006536483973307083,0.10709987966305645,460000.0,2016,T,Molesey East
694,0.04480922803904175,0.0652173913043479,490000.0,2017,T,Molesey East
710,0.026478911564625784,0.030612244897959107,505000.0,2018,T,Molesey East
726,0.023931577861012743,0.01980198019801982,515000.0,2019,T,Molesey East
742,-0.09826629403602394,-0.058252427184465994,485000.0,2020,T,Molesey East
758,0.10832804652392292,0.13396907216494847,549975.0,2021,T,Molesey East
23,0.07106845282980834,0.06164383561643838,387500.0,2011,D,Molesey West
39,-0.024700460829492954,0.003870967741935516,389000.0,2012,D,Molesey West
55,-0.0787560696943731,-0.02320051413881752,379975.0,2013,D,Molesey West
71,0.24131723809161043,0.3553523258109086,515000.0,2014,D,Molesey West
87,-0.07766111153581523,-0.0461650485436893,491225.0,2015,D,Molesey West
103,0.05858115266437425,0.11964985495445069,550000.0,2016,D,Molesey West
119,0.10588620013080452,0.1454545454545455,630000.0,2017,D,Molesey West
135,-0.05901576316801238,-0.05555555555555558,595000.0,2018,D,Molesey West
151,-0.0033323674297305317,-0.037815126050420145,572500.0,2019,D,Molesey West
167,-0.0626949469744229,0.008733624454148492,577500.0,2020,D,Molesey West
183,0.037575757575757596,0.09090909090909083,630000.0,2021,D,Molesey West
215,0.02631578947368418,0.0,171000.0,2011,F,Molesey West
231,0.03291449344080921,0.059941520467836185,181250.0,2012,F,Molesey West
247,-0.06780399274047177,-0.015172413793103412,178500.0,2013,F,Molesey West
263,0.0074369747899158956,0.09243697478991586,195000.0,2014,F,Molesey West
279,0.06974979321753505,0.1987820512820513,233762.5,2015,F,Molesey West
295,-0.06660584558939875,0.03951660339019303,243000.0,2016,F,Molesey West
311,0.04587338465977253,0.0761316872427984,261500.0,2017,F,Molesey West
327,0.018867071720896078,0.003824091778202643,262500.0,2018,F,Molesey West
343,-0.0008658008658009031,-0.01904761904761909,257500.0,2019,F,Molesey West
359,0.04854368932038833,0.04854368932038833,270000.0,2020,F,Molesey West
375,-0.0351851851851851,-0.02777777777777779,262500.0,2021,F,Molesey West
407,-0.08073344280240824,-0.06349206349206349,295000.0,2011,S,Molesey West
423,0.07627118644067798,0.11016949152542366,327500.0,2012,S,Molesey West
439,-0.11900888499562012,-0.05343511450381677,310000.0,2013,S,Molesey West
455,0.13498759305210917,0.25806451612903225,390000.0,2014,S,Molesey West
471,0.06564805057955758,0.16153846153846163,453000.0,2015,S,Molesey West
487,-0.061009933774834435,0.026490066225165476,465000.0,2016,S,Molesey West
503,0.020022246941045596,0.043010752688172005,485000.0,2017,S,Molesey West
519,-0.06278234680875716,-0.05154639175257736,460000.0,2018,S,Molesey West
535,0.07671497584541054,0.047826086956521685,482000.0,2019,S,Molesey West
551,-0.040610727612826025,0.016597510373443924,490000.0,2020,S,Molesey West
567,0.02164502164502169,0.0714285714285714,525000.0,2021,S,Molesey West
599,-0.010504201680672232,-0.010504201680672232,235500.0,2011,T,Molesey West
615,-0.08512573002923296,-0.0849256900212314,215500.0,2012,T,Molesey West
631,0.07986078886310888,0.15986078886310895,249950.0,2013,T,Molesey West
647,0.0630029709645632,0.20004000800160027,299950.0,2014,T,Molesey West
663,0.0002606297575111771,0.07517919653275551,322500.0,2015,T,Molesey West
679,0.02124735729386895,0.1348837209302325,366000.0,2016,T,Molesey West
695,-0.02587264413962309,-0.005464480874316946,364000.0,2017,T,Molesey West
711,0.05905347985347986,0.06318681318681318,387000.0,2018,T,Molesey West
727,-0.04302802507602521,-0.047157622739018135,368750.0,2019,T,Molesey West
743,-0.0705223414278291,-0.03050847457627115,357500.0,2020,T,Molesey West
759,0.06806526806526825,0.0937062937062938,391000.0,2021,T,Molesey West
24,-0.10369755473233144,-0.1131221719457014,980000.0,2011,D,Oatlands and Burwood Park
40,0.14489795918367365,0.17346938775510212,1150000.0,2012,D,Oatlands and Burwood Park
56,-0.07816425120772952,-0.022608695652173938,1124000.0,2013,D,Oatlands and Burwood Park
72,0.3094524567646877,0.42348754448398584,1600000.0,2014,D,Oatlands and Burwood Park
88,-0.20337106299212593,-0.171875,1325000.0,2015,D,Oatlands and Burwood Park
104,-0.08559700417686888,-0.024528301886792447,1292500.0,2016,D,Oatlands and Burwood Park
120,0.06101192546929579,0.10058027079303677,1422500.0,2017,D,Oatlands and Burwood Park
136,-0.07903138511685048,-0.07557117750439368,1315000.0,2018,D,Oatlands and Burwood Park
152,0.13144093352563269,0.09695817490494307,1442500.0,2019,D,Oatlands and Burwood Park
168,-0.13555335479078978,-0.06412478336221838,1350000.0,2020,D,Oatlands and Burwood Park
184,0.0762962962962963,0.12962962962962954,1525000.0,2021,D,Oatlands and Burwood Park
216,-0.006533968738755336,-0.03284975821243952,290000.0,2011,F,Oatlands and Burwood Park
232,-0.17573392357875106,-0.1487068965517241,246875.0,2012,F,Oatlands and Burwood Park
248,-0.019720186542305118,0.032911392405063244,255000.0,2013,F,Oatlands and Burwood Park
264,0.09147058823529419,0.17647058823529416,300000.0,2014,F,Oatlands and Burwood Park
280,0.1626344086021505,0.29166666666666674,387500.0,2015,F,Oatlands and Burwood Park
296,-0.054509545753785416,0.05161290322580636,407500.0,2016,F,Oatlands and Burwood Park
312,-0.13455278111063318,-0.10429447852760731,365000.0,2017,F,Oatlands and Burwood Park
328,-0.14934058170114217,-0.1643835616438356,305000.0,2018,F,Oatlands and Burwood Park
344,0.21490312965722802,0.19672131147540983,365000.0,2019,F,Oatlands and Burwood Park
360,-0.10342465753424657,-0.10342465753424657,327250.0,2020,F,Oatlands and Burwood Park
376,0.2332343038225393,0.2406417112299466,406000.0,2021,F,Oatlands and Burwood Park
408,-0.15024137931034476,-0.133,433500.0,2011,S,Oatlands and Burwood Park
424,0.10220319433855307,0.13610149942329874,492500.0,2012,S,Oatlands and Burwood Park
440,-0.2736955979029708,-0.20812182741116747,390000.0,2013,S,Oatlands and Burwood Park
456,1.5435897435897434,1.6666666666666665,1040000.0,2014,S,Oatlands and Burwood Park
472,-0.4889192571127502,-0.39302884615384615,631250.0,2015,S,Oatlands and Burwood Park
488,0.310519801980198,0.39801980198019793,882500.0,2016,S,Oatlands and Burwood Park
504,0.036501579238709336,0.059490084985835745,935000.0,2017,S,Oatlands and Burwood Park
520,-0.29465841494922795,-0.28342245989304815,670000.0,2018,S,Oatlands and Burwood Park
536,0.11247097844112763,0.08358208955223878,726000.0,2019,S,Oatlands and Burwood Park
552,0.2203399713801213,0.27754820936639124,927500.0,2020,S,Oatlands and Burwood Park
568,-0.09560565220942574,-0.04582210242587603,885000.0,2021,S,Oatlands and Burwood Park
600,0.0941558441558441,0.0941558441558441,421250.0,2011,T,Oatlands and Burwood Park
616,-0.0031673990584466516,-0.0029673590504450953,420000.0,2012,T,Oatlands and Burwood Park
632,0.07476190476190459,0.15476190476190466,485000.0,2013,T,Oatlands and Burwood Park
648,-0.052552500954562875,0.0844845360824742,525975.0,2014,T,Oatlands and Burwood Park
664,0.029696671591598278,0.10461523836684261,581000.0,2015,T,Oatlands and Burwood Park
680,-0.14978094194961655,-0.03614457831325302,560000.0,2016,T,Oatlands and Burwood Park
696,-0.03826530612244905,-0.017857142857142905,550000.0,2017,T,Oatlands and Burwood Park
712,0.32313939393939406,0.3272727272727274,730000.0,2018,T,Oatlands and Burwood Park
728,-0.14313067630960985,-0.14726027397260277,622500.0,2019,T,Oatlands and Burwood Park
744,-0.14041547327726078,-0.10040160642570284,560000.0,2020,T,Oatlands and Burwood Park
760,0.05918040293040305,0.0848214285714286,607500.0,2021,T,Oatlands and Burwood Park
25,0.37442461721336995,0.365,1365000.0,2011,D,Oxshott and Stoke D'Abernon
41,-0.1457875457875457,-0.11721611721611724,1205000.0,2012,D,Oxshott and Stoke D'Abernon
57,0.13531581373905022,0.1908713692946058,1435000.0,2013,D,Oxshott and Stoke D'Abernon
73,-0.10358212604682437,0.010452961672473782,1450000.0,2014,D,Oxshott and Stoke D'Abernon
89,-0.06597882161281554,-0.03448275862068961,1400000.0,2015,D,Oxshott and Stoke D'Abernon
105,-0.1342829880043621,-0.07321428571428568,1297500.0,2016,D,Oxshott and Stoke D'Abernon
121,0.17719466045660592,0.2167630057803469,1578750.0,2017,D,Oxshott and Stoke D'Abernon
137,0.060672809014621576,0.06413301662707838,1680000.0,2018,D,Oxshott and Stoke D'Abernon
153,-0.07266009852216748,-0.1071428571428571,1500000.0,2019,D,Oxshott and Stoke D'Abernon
169,0.011904761904761862,0.08333333333333326,1625000.0,2020,D,Oxshott and Stoke D'Abernon
185,-0.01025641025641022,0.04307692307692301,1695000.0,2021,D,Oxshott and Stoke D'Abernon
217,-0.11102030438414878,-0.13733609385783296,125000.0,2011,F,Oxshott and Stoke D'Abernon
233,0.07297297297297312,0.10000000000000009,137500.0,2012,F,Oxshott and Stoke D'Abernon
249,0.5837320574162681,0.6363636363636365,225000.0,2013,F,Oxshott and Stoke D'Abernon
265,1.5816666666666666,1.6666666666666665,600000.0,2014,F,Oxshott and Stoke D'Abernon
281,-0.7665322580645162,-0.6375,217500.0,2015,F,Oxshott and Stoke D'Abernon
297,-0.24405348346235045,-0.13793103448275867,187500.0,2016,F,Oxshott and Stoke D'Abernon
313,2.2230750307503078,2.2533333333333334,610000.0,2017,F,Oxshott and Stoke D'Abernon
329,1.8019282258443328,1.7868852459016393,1700000.0,2018,F,Oxshott and Stoke D'Abernon
345,-0.7727005347593583,-0.7908823529411765,355500.0,2019,F,Oxshott and Stoke D'Abernon
361,0.19549929676511946,0.19549929676511946,425000.0,2020,F,Oxshott and Stoke D'Abernon
377,0.2843572984749456,0.2917647058823529,549000.0,2021,F,Oxshott and Stoke D'Abernon
409,0.053698379725799716,0.07093975903614447,499995.0,2011,S,Oxshott and Stoke D'Abernon
425,-0.05388850498674469,-0.019990199901999017,490000.0,2012,S,Oxshott and Stoke D'Abernon
441,0.06707929073268648,0.13265306122448983,555000.0,2013,S,Oxshott and Stoke D'Abernon
457,0.018814968814968802,0.14189189189189189,633750.0,2014,S,Oxshott and Stoke D'Abernon
473,-0.1688687147064386,-0.07297830374753456,587500.0,2015,S,Oxshott and Stoke D'Abernon
489,0.10824468085106398,0.1957446808510639,702500.0,2016,S,Oxshott and Stoke D'Abernon
505,-0.02654722460833636,-0.003558718861209953,700000.0,2017,S,Oxshott and Stoke D'Abernon
521,0.08340690208667745,0.09464285714285725,766250.0,2018,S,Oxshott and Stoke D'Abernon
537,0.03378285299981865,0.004893964110929794,770000.0,2019,S,Oxshott and Stoke D'Abernon
553,-0.09616927694730892,-0.038961038961038974,740000.0,2020,S,Oxshott and Stoke D'Abernon
569,-0.10214841464841462,-0.05236486486486491,701250.0,2021,S,Oxshott and Stoke D'Abernon
601,-0.09487459105779716,-0.09487459105779716,415000.0,2011,T,Oxshott and Stoke D'Abernon
617,0.3431734539679021,0.34337349397590367,557500.0,2012,T,Oxshott and Stoke D'Abernon
633,-0.08448430493273551,-0.004484304932735439,555000.0,2013,T,Oxshott and Stoke D'Abernon
649,-0.23523523523523526,-0.0981981981981982,500500.0,2014,T,Oxshott and Stoke D'Abernon
665,-0.05593754779422544,0.018981018981018893,510000.0,2015,T,Oxshott and Stoke D'Abernon
681,-0.019518716577539896,0.09411764705882364,558000.0,2016,T,Oxshott and Stoke D'Abernon
697,1.7932119084192817,1.8136200716845878,1570000.0,2017,T,Oxshott and Stoke D'Abernon
713,-0.5530186836518047,-0.5488853503184714,708250.0,2018,T,Oxshott and Stoke D'Abernon
729,-0.33226291910368555,-0.3363925167666785,470000.0,2019,T,Oxshott and Stoke D'Abernon
745,1.2472201757016335,1.2872340425531914,1075000.0,2020,T,Oxshott and Stoke D'Abernon
761,-0.6088968395945139,-0.5832558139534884,448000.0,2021,T,Oxshott and Stoke D'Abernon
26,0.10317461721336996,0.09375,875000.0,2011,D,Thames Ditton
42,-0.10857142857142843,-0.07999999999999996,805000.0,2012,D,Thames Ditton
58,-0.03692201518288485,0.01863354037267073,820000.0,2013,D,Thames Ditton
74,0.0323063756953359,0.14634146341463405,940000.0,2014,D,Thames Ditton
90,0.06424861785893787,0.0957446808510638,1030000.0,2015,D,Thames Ditton
106,-0.05378714889201808,0.00728155339805836,1037500.0,2016,D,Thames Ditton
122,0.0086244257605963,0.04819277108433728,1087500.0,2017,D,Thames Ditton
138,-0.058172851290617666,-0.054712643678160866,1028000.0,2018,D,Thames Ditton
154,0.06317925667516422,0.028696498054474606,1057500.0,2019,D,Thames Ditton
170,-0.009962850388382183,0.061465721040189214,1122500.0,2020,D,Thames Ditton
186,0.018403860430586505,0.07173719376391974,1203025.0,2021,D,Thames Ditton
218,0.02631578947368418,0.0,250000.0,2011,F,Thames Ditton
234,-0.017027027027026964,0.010000000000000009,252500.0,2012,F,Thames Ditton
250,0.07608129233976024,0.1287128712871286,285000.0,2013,F,Thames Ditton
266,0.055350877192982484,0.14035087719298245,325000.0,2014,F,Thames Ditton
282,0.009429280397022177,0.1384615384615384,370000.0,2015,F,Thames Ditton
298,0.02360728075013796,0.12972972972972974,418000.0,2016,F,Thames Ditton
314,-0.078105192535179,-0.04784688995215314,398000.0,2017,F,Thames Ditton
330,0.02634951260601004,0.011306532663316604,402500.0,2018,F,Thames Ditton
346,-0.015358554488989262,-0.03354037267080745,389000.0,2019,F,Thames Ditton
362,-0.03598971722365041,-0.03598971722365041,375000.0,2020,F,Thames Ditton
378,0.059259259259259345,0.06666666666666665,400000.0,2021,F,Thames Ditton
410,0.04879635653871195,0.0660377358490567,565000.0,2011,S,Thames Ditton
426,-0.02858857057147124,0.005309734513274433,568000.0,2012,S,Thames Ditton
442,0.056785384437774145,0.1223591549295775,637500.0,2013,S,Thames Ditton
458,0.04947209653092011,0.1725490196078432,747500.0,2014,S,Thames Ditton
474,-0.04283890594218165,0.0530515050167224,787156.0,2015,S,Thames Ditton
490,-0.0013112394493592916,0.08618876055064062,855000.0,2016,S,Thames Ditton
506,-0.05222827182899781,-0.0292397660818714,830000.0,2017,S,Thames Ditton
522,0.04900500879924197,0.06024096385542177,880000.0,2018,S,Thames Ditton
538,-0.022247474747474794,-0.051136363636363646,835000.0,2019,S,Thames Ditton
554,-0.04104057331561117,0.016167664670658777,848500.0,2020,S,Thames Ditton
570,0.007965418984865247,0.057748968768414954,897500.0,2021,S,Thames Ditton
602,0.16323529411764715,0.16323529411764715,395500.0,2011,T,Thames Ditton
618,0.03646241258365457,0.036662452591656125,410000.0,2012,T,Thames Ditton
634,0.20048780487804874,0.2804878048780488,525000.0,2013,T,Thames Ditton
650,-0.16799037037037046,-0.030953333333333388,508749.5,2014,T,Thames Ditton
666,0.06218328787031302,0.13710185464555735,578500.0,2015,T,Thames Ditton
682,-0.1702915062465623,-0.05665514261019877,545725.0,2016,T,Thames Ditton
698,0.06988456658947428,0.09029272985478043,595000.0,2017,T,Thames Ditton
714,0.17233725490196083,0.17647058823529416,700000.0,2018,T,Thames Ditton
730,0.03270102623442139,0.02857142857142847,720000.0,2019,T,Thames Ditton
746,-0.08584720018489123,-0.04583333333333328,687000.0,2020,T,Thames Ditton
762,-0.043108274549322534,-0.017467248908296984,675000.0,2021,T,Thames Ditton
27,-0.058476617354531246,-0.0679012345679012,755000.0,2011,D,Walton Central
43,-0.2272469252601702,-0.19867549668874174,605000.0,2012,D,Walton Central
59,0.10969237832874201,0.1652479338842976,704975.0,2013,D,Walton Central
75,0.0774256023760953,0.19146069009539346,839950.0,2014,D,Walton Central
91,0.08166543471607102,0.11316149770819695,935000.0,2015,D,Walton Central
107,-0.08245907662162721,-0.021390374331550777,915000.0,2016,D,Walton Central
123,0.020540944293745422,0.060109289617486406,970000.0,2017,D,Walton Central
139,-0.11686226946812694,-0.11340206185567014,860000.0,2018,D,Walton Central
155,0.11994787489975944,0.08546511627906983,933500.0,2019,D,Walton Central
171,0.2569056546024946,0.328334226031066,1240000.0,2020,D,Walton Central
187,-0.28720430107526873,-0.2338709677419355,950000.0,2021,D,Walton Central
219,-0.023684210526315863,-0.050000000000000044,190000.0,2011,F,Walton Central
235,0.12297297297297294,0.1499999999999999,218500.0,2012,F,Walton Central
251,0.04576659038901609,0.09839816933638446,240000.0,2013,F,Walton Central
267,-0.0641666666666667,0.02083333333333326,245000.0,2014,F,Walton Central
283,0.0762636603028306,0.20529591836734684,295297.5,2015,F,Walton Central
299,-0.0563336766398328,0.04978877233975898,310000.0,2016,F,Walton Central
315,0.008451374836329073,0.03870967741935494,322000.0,2017,F,Walton Central
331,-0.15032969086476,-0.16537267080745344,268750.0,2018,F,Walton Central
347,0.20887949260042282,0.19069767441860463,320000.0,2019,F,Walton Central
363,-0.016406249999999956,-0.016406249999999956,314750.0,2020,F,Walton Central
379,0.022311417056452898,0.029718824463860205,324104.0,2021,F,Walton Central
411,0.1945233265720081,0.21176470588235285,463500.0,2011,S,Walton Central
427,-0.1843837419779496,-0.15048543689320393,393750.0,2012,S,Walton Central
443,0.19283257871454595,0.2584063492063493,495497.5,2013,S,Walton Central
459,-0.03326315005082314,0.08981377302609994,540000.0,2014,S,Walton Central
475,0.024479959411466412,0.12037037037037046,605000.0,2015,S,Walton Central
491,-0.029648760330578394,0.05785123966942152,640000.0,2016,S,Walton Central
507,-0.08548850574712641,-0.0625,600000.0,2017,S,Walton Central
523,0.005430711610486805,0.016666666666666607,610000.0,2018,S,Walton Central
539,-0.04688160291438981,-0.07577049180327866,563780.0,2019,S,Walton Central
555,0.14006729502305992,0.19727553300932987,675000.0,2020,S,Walton Central
571,-0.04978354978354971,0.0,675000.0,2021,S,Walton Central
603,0.26126126126126126,0.26126126126126126,350000.0,2011,T,Walton Central
619,-0.1187714685794301,-0.11857142857142855,308500.0,2012,T,Walton Central
635,-0.026515397082658154,0.05348460291734192,325000.0,2013,T,Walton Central
651,0.03219373219373223,0.1692307692307693,380000.0,2014,T,Walton Central
667,-0.05189225098577066,0.023026315789473673,388750.0,2015,T,Walton Central
683,0.16610640163694845,0.279742765273312,497500.0,2016,T,Walton Central
699,-0.00533278638088408,0.015075376884422065,505000.0,2017,T,Walton Central
715,0.01665874587458749,0.02079207920792081,515500.0,2018,T,Walton Central
731,-0.2102253974873466,-0.2143549951503395,405000.0,2019,T,Walton Central
747,0.13282563932128166,0.1728395061728396,475000.0,2020,T,Walton Central
763,-0.04458839406207815,-0.0189473684210526,466000.0,2021,T,Walton Central
28,0.17294662979198627,0.16352201257861632,370000.0,2011,D,Walton North
44,0.10656370656370662,0.1351351351351351,420000.0,2012,D,Walton North
60,-0.025793650793650924,0.029761904761904656,432500.0,2013,D,Walton North
76,-0.027329885407159527,0.08670520231213863,470000.0,2014,D,Walton North
92,-0.020857765119785432,0.010638297872340496,475000.0,2015,D,Walton North
108,0.14945761349939723,0.21052631578947367,575000.0,2016,D,Walton North
124,-0.13956834532374096,-0.09999999999999998,517500.0,2017,D,Walton North
140,-0.01795296123564516,-0.01449275362318836,510000.0,2018,D,Walton North
156,0.11291413116970916,0.07843137254901955,550000.0,2019,D,Walton North
172,0.01948051948051943,0.09090909090909083,600000.0,2020,D,Walton North
188,-0.05334166666666662,-8.333333333387927e-06,599995.0,2021,D,Walton North
220,-0.03774671052631584,-0.06406250000000002,149750.0,2011,F,Walton North
236,0.13991788115327353,0.1669449081803005,174750.0,2012,F,Walton North
252,0.05180332806264598,0.10443490701001434,193000.0,2013,F,Walton North
268,-0.048730569948186586,0.03626943005181338,200000.0,2014,F,Walton North
284,0.045842741935483655,0.1748749999999999,234975.0,2015,F,Walton North
300,-0.12729491413545946,-0.02117246515586768,230000.0,2016,F,Walton North
316,0.07843734959088722,0.10869565217391308,255000.0,2017,F,Walton North
332,-0.043780549469071284,-0.05882352941176472,240000.0,2018,F,Walton North
348,0.002556818181818188,-0.015625,236250.0,2019,F,Walton North
364,0.057989417989418035,0.057989417989418035,249950.0,2020,F,Walton North
380,-0.031212168359597725,-0.023804760952190418,244000.0,2021,F,Walton North
412,0.06257082726242524,0.07981220657277,287500.0,2011,S,Walton North
428,0.1139277818717761,0.14782608695652177,330000.0,2012,S,Walton North
444,-0.05042225534028821,0.015151515151515138,335000.0,2013,S,Walton North
460,-0.01867393800229622,0.10440298507462686,369975.0,2014,S,Walton North
476,0.08797336362045938,0.18386377457936343,438000.0,2015,S,Walton North
492,-0.009874429223744263,0.07762557077625565,472000.0,2016,S,Walton North
508,-0.012395285408143275,0.010593220338983134,477000.0,2017,S,Walton North
524,0.00029444326667138476,0.011530398322851187,482500.0,2018,S,Walton North
540,0.03407023603914794,0.005181347150259086,485000.0,2019,S,Walton North
556,-0.03144019674915666,0.025768041237113293,497497.5,2020,S,Walton North
572,-0.044753373752514314,0.005030176031035394,500000.0,2021,S,Walton North
604,0.1812499999999999,0.1812499999999999,283500.0,2011,T,Walton North
620,-0.0002000400080015563,0.0,283500.0,2012,T,Walton North
636,-0.016507936507936583,0.06349206349206349,301500.0,2013,T,Walton North
652,-0.05080154781647317,0.0862354892205639,327500.0,2014,T,Walton North
668,-0.08255215456150389,-0.007633587786259555,325000.0,2015,T,Walton North
684,0.07405594405594407,0.1876923076923076,386000.0,2016,T,Walton North
700,0.002907898910859741,0.023316062176165886,395000.0,2017,T,Walton North
716,-0.011728270042194122,-0.0075949367088608,392000.0,2018,T,Walton North
732,0.02453776092829907,0.020408163265306145,400000.0,2019,T,Walton North
748,-0.023763866851557847,0.016250000000000098,406500.0,2020,T,Walton North
764,0.03216955246475561,0.05781057810578116,430000.0,2021,T,Walton North
29,-0.02416913278663002,-0.03359374999999998,618500.0,2011,D,Walton South
45,0.02235823998152231,0.05092966855295078,650000.0,2012,D,Walton South
61,-0.08209401709401709,-0.02653846153846151,632750.0,2013,D,Walton South
77,0.10386297628702335,0.2178980640063215,770625.0,2014,D,Walton South
93,-0.012842372805589086,0.018653690186536842,785000.0,2015,D,Walton South
109,0.1491223805124713,0.21019108280254772,950000.0,2016,D,Walton South
125,-0.19325255585005674,-0.15368421052631576,804000.0,2017,D,Walton South
141,0.04504725507411034,0.04850746268656714,843000.0,2018,D,Walton South
157,-0.04025033746471962,-0.07473309608540923,780000.0,2019,D,Walton South
173,0.047161172161172216,0.11858974358974361,872500.0,2020,D,Walton South
189,-0.021814708691499485,0.03151862464183375,900000.0,2021,D,Walton South
221,0.009556012937371294,-0.016759776536312887,220000.0,2011,F,Walton South
237,-0.004299754299754266,0.022727272727272707,225000.0,2012,F,Walton South
253,-0.03707602339181282,0.015555555555555545,228500.0,2013,F,Walton South
269,0.00909190371991242,0.09409190371991238,250000.0,2014,F,Walton South
285,-0.06903225806451618,0.06000000000000005,265000.0,2015,F,Walton South
301,0.04104736234116291,0.14716981132075468,304000.0,2016,F,Walton South
317,-0.04341619731986801,-0.013157894736842146,300000.0,2017,F,Walton South
333,0.015042979942693435,0.0,300000.0,2018,F,Walton South
349,-0.04348484848484846,-0.06166666666666665,281500.0,2019,F,Walton South
365,0.10124333925399642,0.10124333925399642,310000.0,2020,F,Walton South
381,0.0200119474313023,0.02741935483870961,318500.0,2021,F,Walton South
413,0.0494252873563219,0.06666666666666665,400000.0,2011,S,Walton South
429,-0.08396080508474568,-0.05006250000000001,379975.0,2012,S,Walton South
445,0.014760462023493792,0.08033423251529714,410500.0,2013,S,Walton South
461,0.01699615853087222,0.1400730816077953,468000.0,2014,S,Walton South
477,-0.006146821215314402,0.08974358974358965,510000.0,2015,S,Walton South
493,0.07916666666666683,0.16666666666666674,595000.0,2016,S,Walton South
509,-0.05660195112527766,-0.03361344537815125,575000.0,2017,S,Walton South
525,0.0018075232046896872,0.01304347826086949,582500.0,2018,S,Walton South
541,-0.06982355746304247,-0.09871244635193133,525000.0,2019,S,Walton South
557,0.14755366677563475,0.2047619047619047,632500.0,2020,S,Walton South
573,-0.006305288913984519,0.04347826086956519,660000.0,2021,S,Walton South
605,-0.08064516129032262,-0.08064516129032262,285000.0,2011,T,Walton South
621,0.05594031086919138,0.056140350877192935,301000.0,2012,T,Walton South
637,-0.015299003322259308,0.06470099667774076,320475.0,2013,T,Walton South
653,0.017499198238725366,0.15453623527576243,370000.0,2014,T,Walton South
669,-0.1289726208292984,-0.05405405405405406,350000.0,2015,T,Walton South
685,-0.08506493506493507,0.02857142857142847,360000.0,2016,T,Walton South
701,0.09070294784580502,0.11111111111111116,400000.0,2017,T,Walton South
717,0.04586666666666672,0.050000000000000044,420000.0,2018,T,Walton South
733,0.042224835758231105,0.03809523809523818,436000.0,2019,T,Walton South
749,-0.07212395859467724,-0.032110091743119296,422000.0,2020,T,Walton South
765,-0.030380362133916594,-0.004739336492891044,420000.0,2021,T,Walton South
30,0.22265991133101692,0.21323529411764697,825000.0,2011,D,Weybridge Riverside
46,-0.22501991341991334,-0.19644848484848487,662930.0,2012,D,Weybridge Riverside
62,0.35484976627329523,0.4104053218288508,935000.0,2013,D,Weybridge Riverside
78,-0.2584201144572661,-0.14438502673796794,800000.0,2014,D,Weybridge Riverside
94,0.19975393700787403,0.23124999999999996,985000.0,2015,D,Weybridge Riverside
110,0.00492114542565969,0.06598984771573613,1050000.0,2016,D,Weybridge Riverside
126,0.05566974991435436,0.09523809523809534,1150000.0,2017,D,Weybridge Riverside
142,-0.05998194674289159,-0.05652173913043479,1085000.0,2018,D,Weybridge Riverside
158,0.03909105355156528,0.004608294930875667,1090000.0,2019,D,Weybridge Riverside
174,0.02834207077326356,0.09977064220183496,1198750.0,2020,D,Weybridge Riverside
190,-0.056461591936044386,-0.0031282586027111536,1195000.0,2021,D,Weybridge Riverside
222,0.09469185784975254,0.06837606837606836,250000.0,2011,F,Weybridge Riverside
238,-0.04702702702702699,-0.020000000000000018,245000.0,2012,F,Weybridge Riverside
254,-0.11385606874328669,-0.061224489795918324,230000.0,2013,F,Weybridge Riverside
270,0.0019565217391304124,0.08695652173913038,250000.0,2014,F,Weybridge Riverside
286,-0.0010322580645163448,0.1279999999999999,282000.0,2015,F,Weybridge Riverside
302,-0.06002315819944992,0.046099290780141855,295000.0,2016,F,Weybridge Riverside
318,-0.034495590718619074,-0.004237288135593209,293750.0,2017,F,Weybridge Riverside
334,0.04738340547460829,0.03234042553191485,303250.0,2018,F,Weybridge Riverside
350,0.007464588173574205,-0.010717230008243983,300000.0,2019,F,Weybridge Riverside
366,0.02083333333333326,0.02083333333333326,306250.0,2020,F,Weybridge Riverside
382,0.06361300075585796,0.07102040816326527,328000.0,2021,F,Weybridge Riverside
414,0.07569979716024355,0.0929411764705883,464500.0,2011,S,Weybridge Riverside
430,-0.0974074547079965,-0.06350914962325083,435000.0,2012,S,Weybridge Riverside
446,0.026380252496702505,0.09195402298850586,475000.0,2013,S,Weybridge Riverside
462,0.10850202429149802,0.2315789473684211,585000.0,2014,S,Weybridge Riverside
478,0.10068223861374559,0.19657264957264964,699995.0,2015,S,Weybridge Riverside
494,-0.15035044893177796,-0.06285044893177805,656000.0,2016,S,Weybridge Riverside
510,0.07076149425287359,0.09375,717500.0,2017,S,Weybridge Riverside
526,-0.1645460595857965,-0.1533101045296167,607500.0,2018,S,Weybridge Riverside
542,0.15646090534979418,0.12757201646090532,685000.0,2019,S,Weybridge Riverside
558,-0.11085787302276628,-0.053649635036496335,648250.0,2020,S,Weybridge Riverside
574,0.041616373085713754,0.09139992286926346,707500.0,2021,S,Weybridge Riverside
606,-0.05555555555555558,-0.05555555555555558,340000.0,2011,T,Weybridge Riverside
622,-0.059023569419766275,-0.05882352941176472,320000.0,2012,T,Weybridge Riverside
638,0.10749999999999993,0.1875,380000.0,2013,T,Weybridge Riverside
654,0.06033138401559457,0.19736842105263164,455000.0,2014,T,Weybridge Riverside
670,0.02398253212585466,0.098901098901099,500000.0,2015,T,Weybridge Riverside
686,-0.0686363636363636,0.04499999999999993,522500.0,2016,T,Weybridge Riverside
702,-0.14959476613611955,-0.1291866028708134,455000.0,2017,T,Weybridge Riverside
718,0.13872380952380947,0.1428571428571428,520000.0,2018,T,Weybridge Riverside
734,-0.043947325413930205,-0.04807692307692313,495000.0,2019,T,Weybridge Riverside
750,0.020592193754502608,0.06060606060606055,525000.0,2020,T,Weybridge Riverside
766,0.021978021978022122,0.04761904761904767,550000.0,2021,T,Weybridge Riverside
31,-0.041926734137981425,-0.05135135135135138,877500.0,2011,D,Weybridge St George's Hill
47,0.28196988196988215,0.3105413105413106,1150000.0,2012,D,Weybridge St George's Hill
63,-0.22946859903381644,-0.17391304347826086,950000.0,2013,D,Weybridge St George's Hill
79,0.26754385964912286,0.381578947368421,1312500.0,2014,D,Weybridge St George's Hill
95,-0.12673415823022116,-0.09523809523809523,1187500.0,2015,D,Weybridge St George's Hill
111,0.004194455604660474,0.06526315789473691,1265000.0,2016,D,Weybridge St George's Hill
127,0.019720192225666233,0.059288537549407216,1340000.0,2017,D,Weybridge St George's Hill
143,-0.2086840882094717,-0.2052238805970149,1065000.0,2018,D,Weybridge St George's Hill
159,0.09551562247045486,0.06103286384976525,1130000.0,2019,D,Weybridge St George's Hill
175,0.04582806573957021,0.11725663716814161,1262500.0,2020,D,Weybridge St George's Hill
191,0.03973597359735992,0.09306930693069315,1380000.0,2021,D,Weybridge St George's Hill
223,-0.21564225248435775,-0.24195804195804194,271000.0,2011,F,Weybridge St George's Hill
239,-0.10451964695322624,-0.07749261992619927,249999.5,2012,F,Weybridge St George's Hill
255,0.060370647057083726,0.11300222600445209,278250.0,2013,F,Weybridge St George's Hill
271,0.047075471698113214,0.13207547169811318,315000.0,2014,F,Weybridge St George's Hill
287,-0.006810035842294004,0.12222222222222223,353500.0,2015,F,Weybridge St George's Hill
303,0.23758335017175192,0.3437057991513437,475000.0,2016,F,Weybridge St George's Hill
319,-0.25025830258302584,-0.21999999999999997,370500.0,2017,F,Weybridge St George's Hill
335,-0.05378293098848064,-0.06882591093117407,345000.0,2018,F,Weybridge St George's Hill
351,0.09064558629776032,0.07246376811594213,370000.0,2019,F,Weybridge St George's Hill
367,-0.09459459459459463,-0.09459459459459463,335000.0,2020,F,Weybridge St George's Hill
383,0.15677169707020466,0.16417910447761197,390000.0,2021,F,Weybridge St George's Hill
415,-0.39280699017007326,-0.3755656108597285,345000.0,2011,S,Weybridge St George's Hill
431,0.2124785065094572,0.24637681159420288,430000.0,2012,S,Weybridge St George's Hill
447,0.10884483415935953,0.17441860465116288,505000.0,2013,S,Weybridge St George's Hill
463,-0.19238385376999234,-0.06930693069306926,470000.0,2014,S,Weybridge St George's Hill
479,0.2764500145730109,0.37234042553191493,645000.0,2015,S,Weybridge St George's Hill
495,-0.19602713178294562,-0.10852713178294571,575000.0,2016,S,Weybridge St George's Hill
511,-0.10124937531234379,-0.07826086956521738,530000.0,2017,S,Weybridge St George's Hill
527,0.22649989400042392,0.23773584905660372,656000.0,2018,S,Weybridge St George's Hill
543,0.05023035230352291,0.021341463414634054,670000.0,2019,S,Weybridge St George's Hill
559,-0.02549182007582229,0.03171641791044766,691250.0,2020,S,Weybridge St George's Hill
575,-0.058825141103622025,-0.009041591320072317,685000.0,2021,S,Weybridge St George's Hill
607,0.14814814814814814,0.14814814814814814,387500.0,2011,T,Weybridge St George's Hill
623,-0.05826455613703385,-0.058064516129032295,365000.0,2012,T,Weybridge St George's Hill
639,0.04328767123287669,0.12328767123287676,410000.0,2013,T,Weybridge St George's Hill
655,0.045889792231255555,0.18292682926829262,485000.0,2014,T,Weybridge St George's Hill
671,0.0694113301319721,0.14432989690721643,555000.0,2015,T,Weybridge St George's Hill
687,-0.25778050778050765,-0.14414414414414412,475000.0,2016,T,Weybridge St George's Hill
703,0.2238023630504833,0.24421052631578943,591000.0,2017,T,Weybridge St George's Hill
719,-0.04812656514382396,-0.04399323181049064,565000.0,2018,T,Weybridge St George's Hill
735,-0.0976403138414319,-0.10176991150442483,507500.0,2019,T,Weybridge St George's Hill
751,0.08806495088243227,0.1280788177339902,572500.0,2020,T,Weybridge St George's Hill
767,0.052961594446310656,0.0786026200873362,617500.0,2021,T,Weybridge St George's Hill
